sample_id,label,expected_logit,fpga_logit,expected_prediction,fpga_prediction,logit_exact,prediction_exact,classification_correct,result_index,result_tag,bottom_count,interaction_count
0,0,-393,-393,0,0,1,1,1,0,4,8,18
1,0,-2698,-2698,0,0,1,1,1,0,4,8,18
2,1,866,866,1,1,1,1,1,0,4,8,18
3,1,1386,1386,1,1,1,1,1,0,4,8,18
4,0,-1392,-1392,0,0,1,1,1,0,4,8,18
5,0,-785,-785,0,0,1,1,1,0,4,8,18
6,0,-1567,-1567,0,0,1,1,1,0,4,8,18
7,0,-2490,-2490,0,0,1,1,1,0,4,8,18
8,0,-1873,-1873,0,0,1,1,1,0,4,8,18
9,0,-1978,-1978,0,0,1,1,1,0,4,8,18
10,0,-1154,-1154,0,0,1,1,1,0,4,8,18
11,1,1076,1076,1,1,1,1,1,0,4,8,18
12,0,379,379,1,1,1,1,0,0,4,8,18
13,0,-51,-51,0,0,1,1,1,0,4,8,18
14,0,-1032,-1032,0,0,1,1,1,0,4,8,18
15,1,1759,1759,1,1,1,1,1,0,4,8,18
16,1,105,105,1,1,1,1,1,0,4,8,18
17,1,922,922,1,1,1,1,1,0,4,8,18
18,1,657,657,1,1,1,1,1,0,4,8,18
19,1,1306,1306,1,1,1,1,1,0,4,8,18
20,1,105,105,1,1,1,1,1,0,4,8,18
21,1,551,551,1,1,1,1,1,0,4,8,18
22,0,209,209,1,1,1,1,0,0,4,8,18
23,1,402,402,1,1,1,1,1,0,4,8,18
24,0,-1184,-1184,0,0,1,1,1,0,4,8,18
25,1,-162,-162,0,0,1,1,0,0,4,8,18
26,1,685,685,1,1,1,1,1,0,4,8,18
27,0,-958,-958,0,0,1,1,1,0,4,8,18
28,0,-285,-285,0,0,1,1,1,0,4,8,18
29,0,-851,-851,0,0,1,1,1,0,4,8,18
30,0,-3305,-3305,0,0,1,1,1,0,4,8,18
31,0,-807,-807,0,0,1,1,1,0,4,8,18
32,1,1366,1366,1,1,1,1,1,0,4,8,18
33,0,-798,-798,0,0,1,1,1,0,4,8,18
34,1,690,690,1,1,1,1,1,0,4,8,18
35,1,1637,1637,1,1,1,1,1,0,4,8,18
36,1,-415,-415,0,0,1,1,0,0,4,8,18
37,1,2376,2376,1,1,1,1,1,0,4,8,18
38,1,1152,1152,1,1,1,1,1,0,4,8,18
39,0,-2604,-2604,0,0,1,1,1,0,4,8,18
40,0,-442,-442,0,0,1,1,1,0,4,8,18
41,0,-3506,-3506,0,0,1,1,1,0,4,8,18
42,1,-251,-251,0,0,1,1,0,0,4,8,18
43,0,-2341,-2341,0,0,1,1,1,0,4,8,18
44,1,1477,1477,1,1,1,1,1,0,4,8,18
45,0,-1567,-1567,0,0,1,1,1,0,4,8,18
46,1,68,68,1,1,1,1,1,0,4,8,18
47,0,-1464,-1464,0,0,1,1,1,0,4,8,18
48,0,-774,-774,0,0,1,1,1,0,4,8,18
49,0,-3768,-3768,0,0,1,1,1,0,4,8,18
50,1,849,849,1,1,1,1,1,0,4,8,18
51,1,-680,-680,0,0,1,1,0,0,4,8,18
52,0,-2177,-2177,0,0,1,1,1,0,4,8,18
53,1,758,758,1,1,1,1,1,0,4,8,18
54,0,-2402,-2402,0,0,1,1,1,0,4,8,18
55,1,1589,1589,1,1,1,1,1,0,4,8,18
56,1,969,969,1,1,1,1,1,0,4,8,18
57,0,2,2,1,1,1,1,0,0,4,8,18
58,1,150,150,1,1,1,1,1,0,4,8,18
59,0,-1572,-1572,0,0,1,1,1,0,4,8,18
60,1,2144,2144,1,1,1,1,1,0,4,8,18
61,0,-1737,-1737,0,0,1,1,1,0,4,8,18
62,0,-783,-783,0,0,1,1,1,0,4,8,18
63,0,-4321,-4321,0,0,1,1,1,0,4,8,18
64,1,-157,-157,0,0,1,1,0,0,4,8,18
65,0,-2240,-2240,0,0,1,1,1,0,4,8,18
66,0,-1508,-1508,0,0,1,1,1,0,4,8,18
67,0,266,266,1,1,1,1,0,0,4,8,18
68,0,398,398,1,1,1,1,0,0,4,8,18
69,0,-2322,-2322,0,0,1,1,1,0,4,8,18
70,1,1712,1712,1,1,1,1,1,0,4,8,18
71,1,175,175,1,1,1,1,1,0,4,8,18
72,0,-1216,-1216,0,0,1,1,1,0,4,8,18
73,1,1465,1465,1,1,1,1,1,0,4,8,18
74,1,2097,2097,1,1,1,1,1,0,4,8,18
75,1,678,678,1,1,1,1,1,0,4,8,18
76,1,596,596,1,1,1,1,1,0,4,8,18
77,1,500,500,1,1,1,1,1,0,4,8,18
78,1,2778,2778,1,1,1,1,1,0,4,8,18
79,1,2476,2476,1,1,1,1,1,0,4,8,18
80,1,944,944,1,1,1,1,1,0,4,8,18
81,1,-183,-183,0,0,1,1,0,0,4,8,18
82,0,-1439,-1439,0,0,1,1,1,0,4,8,18
83,0,-2832,-2832,0,0,1,1,1,0,4,8,18
84,0,-2332,-2332,0,0,1,1,1,0,4,8,18
85,1,1093,1093,1,1,1,1,1,0,4,8,18
86,0,-1191,-1191,0,0,1,1,1,0,4,8,18
87,0,-1790,-1790,0,0,1,1,1,0,4,8,18
88,1,774,774,1,1,1,1,1,0,4,8,18
89,1,2673,2673,1,1,1,1,1,0,4,8,18
90,1,451,451,1,1,1,1,1,0,4,8,18
91,1,-1425,-1425,0,0,1,1,0,0,4,8,18
92,1,1250,1250,1,1,1,1,1,0,4,8,18
93,0,-805,-805,0,0,1,1,1,0,4,8,18
94,1,407,407,1,1,1,1,1,0,4,8,18
95,0,-860,-860,0,0,1,1,1,0,4,8,18
96,1,1727,1727,1,1,1,1,1,0,4,8,18
97,0,-2116,-2116,0,0,1,1,1,0,4,8,18
98,0,-291,-291,0,0,1,1,1,0,4,8,18
99,1,1482,1482,1,1,1,1,1,0,4,8,18
100,0,-1071,-1071,0,0,1,1,1,0,4,8,18
101,0,-1357,-1357,0,0,1,1,1,0,4,8,18
102,0,-771,-771,0,0,1,1,1,0,4,8,18
103,0,-326,-326,0,0,1,1,1,0,4,8,18
104,1,1157,1157,1,1,1,1,1,0,4,8,18
105,0,-1905,-1905,0,0,1,1,1,0,4,8,18
106,1,1892,1892,1,1,1,1,1,0,4,8,18
107,1,1123,1123,1,1,1,1,1,0,4,8,18
108,0,-1719,-1719,0,0,1,1,1,0,4,8,18
109,1,396,396,1,1,1,1,1,0,4,8,18
110,0,-773,-773,0,0,1,1,1,0,4,8,18
111,0,-1069,-1069,0,0,1,1,1,0,4,8,18
112,1,1817,1817,1,1,1,1,1,0,4,8,18
113,0,-1426,-1426,0,0,1,1,1,0,4,8,18
114,1,1420,1420,1,1,1,1,1,0,4,8,18
115,0,-2252,-2252,0,0,1,1,1,0,4,8,18
116,0,-845,-845,0,0,1,1,1,0,4,8,18
117,1,1458,1458,1,1,1,1,1,0,4,8,18
118,1,583,583,1,1,1,1,1,0,4,8,18
119,1,1316,1316,1,1,1,1,1,0,4,8,18
120,0,-2588,-2588,0,0,1,1,1,0,4,8,18
121,1,-675,-675,0,0,1,1,0,0,4,8,18
122,1,3070,3070,1,1,1,1,1,0,4,8,18
123,0,-2183,-2183,0,0,1,1,1,0,4,8,18
124,0,-4022,-4022,0,0,1,1,1,0,4,8,18
125,1,-102,-102,0,0,1,1,0,0,4,8,18
126,0,-1,-1,0,0,1,1,1,0,4,8,18
127,1,1383,1383,1,1,1,1,1,0,4,8,18
128,0,-928,-928,0,0,1,1,1,0,4,8,18
129,0,-1707,-1707,0,0,1,1,1,0,4,8,18
130,0,-243,-243,0,0,1,1,1,0,4,8,18
131,0,-2767,-2767,0,0,1,1,1,0,4,8,18
132,0,-893,-893,0,0,1,1,1,0,4,8,18
133,1,948,948,1,1,1,1,1,0,4,8,18
134,1,1650,1650,1,1,1,1,1,0,4,8,18
135,0,-3695,-3695,0,0,1,1,1,0,4,8,18
136,0,-2340,-2340,0,0,1,1,1,0,4,8,18
137,0,-404,-404,0,0,1,1,1,0,4,8,18
138,0,-1103,-1103,0,0,1,1,1,0,4,8,18
139,0,-367,-367,0,0,1,1,1,0,4,8,18
140,0,-731,-731,0,0,1,1,1,0,4,8,18
141,1,1606,1606,1,1,1,1,1,0,4,8,18
142,0,-794,-794,0,0,1,1,1,0,4,8,18
143,0,249,249,1,1,1,1,0,0,4,8,18
144,1,2174,2174,1,1,1,1,1,0,4,8,18
145,1,1008,1008,1,1,1,1,1,0,4,8,18
146,1,761,761,1,1,1,1,1,0,4,8,18
147,0,-1612,-1612,0,0,1,1,1,0,4,8,18
148,0,-2617,-2617,0,0,1,1,1,0,4,8,18
149,0,-1913,-1913,0,0,1,1,1,0,4,8,18
150,1,-678,-678,0,0,1,1,0,0,4,8,18
151,1,333,333,1,1,1,1,1,0,4,8,18
152,1,120,120,1,1,1,1,1,0,4,8,18
153,0,175,175,1,1,1,1,0,0,4,8,18
154,1,3481,3481,1,1,1,1,1,0,4,8,18
155,1,1111,1111,1,1,1,1,1,0,4,8,18
156,1,2061,2061,1,1,1,1,1,0,4,8,18
157,0,-3336,-3336,0,0,1,1,1,0,4,8,18
158,1,538,538,1,1,1,1,1,0,4,8,18
159,0,-714,-714,0,0,1,1,1,0,4,8,18
160,0,-434,-434,0,0,1,1,1,0,4,8,18
161,1,1022,1022,1,1,1,1,1,0,4,8,18
162,0,-497,-497,0,0,1,1,1,0,4,8,18
163,1,1143,1143,1,1,1,1,1,0,4,8,18
164,1,1612,1612,1,1,1,1,1,0,4,8,18
165,0,306,306,1,1,1,1,0,0,4,8,18
166,1,275,275,1,1,1,1,1,0,4,8,18
167,0,-1620,-1620,0,0,1,1,1,0,4,8,18
168,1,1836,1836,1,1,1,1,1,0,4,8,18
169,1,1417,1417,1,1,1,1,1,0,4,8,18
170,0,-877,-877,0,0,1,1,1,0,4,8,18
171,1,1126,1126,1,1,1,1,1,0,4,8,18
172,1,-304,-304,0,0,1,1,0,0,4,8,18
173,1,811,811,1,1,1,1,1,0,4,8,18
174,0,-3126,-3126,0,0,1,1,1,0,4,8,18
175,1,606,606,1,1,1,1,1,0,4,8,18
176,0,-1313,-1313,0,0,1,1,1,0,4,8,18
177,1,839,839,1,1,1,1,1,0,4,8,18
178,1,3829,3829,1,1,1,1,1,0,4,8,18
179,1,2376,2376,1,1,1,1,1,0,4,8,18
180,0,-249,-249,0,0,1,1,1,0,4,8,18
181,0,-657,-657,0,0,1,1,1,0,4,8,18
182,1,263,263,1,1,1,1,1,0,4,8,18
183,0,-1911,-1911,0,0,1,1,1,0,4,8,18
184,0,-1469,-1469,0,0,1,1,1,0,4,8,18
185,1,-695,-695,0,0,1,1,0,0,4,8,18
186,0,-1466,-1466,0,0,1,1,1,0,4,8,18
187,1,391,391,1,1,1,1,1,0,4,8,18
188,0,-1611,-1611,0,0,1,1,1,0,4,8,18
189,0,-744,-744,0,0,1,1,1,0,4,8,18
190,1,-584,-584,0,0,1,1,0,0,4,8,18
191,1,1011,1011,1,1,1,1,1,0,4,8,18
192,0,-922,-922,0,0,1,1,1,0,4,8,18
193,0,-2641,-2641,0,0,1,1,1,0,4,8,18
194,1,2727,2727,1,1,1,1,1,0,4,8,18
195,1,2331,2331,1,1,1,1,1,0,4,8,18
196,1,657,657,1,1,1,1,1,0,4,8,18
197,1,-710,-710,0,0,1,1,0,0,4,8,18
198,0,-1787,-1787,0,0,1,1,1,0,4,8,18
199,0,-2581,-2581,0,0,1,1,1,0,4,8,18
200,0,-1249,-1249,0,0,1,1,1,0,4,8,18
201,0,-2069,-2069,0,0,1,1,1,0,4,8,18
202,1,981,981,1,1,1,1,1,0,4,8,18
203,1,16,16,1,1,1,1,1,0,4,8,18
204,1,387,387,1,1,1,1,1,0,4,8,18
205,0,-2487,-2487,0,0,1,1,1,0,4,8,18
206,0,-1069,-1069,0,0,1,1,1,0,4,8,18
207,1,710,710,1,1,1,1,1,0,4,8,18
208,0,-85,-85,0,0,1,1,1,0,4,8,18
209,0,-458,-458,0,0,1,1,1,0,4,8,18
210,0,-208,-208,0,0,1,1,1,0,4,8,18
211,1,-34,-34,0,0,1,1,0,0,4,8,18
212,1,955,955,1,1,1,1,1,0,4,8,18
213,0,-813,-813,0,0,1,1,1,0,4,8,18
214,1,998,998,1,1,1,1,1,0,4,8,18
215,0,-1674,-1674,0,0,1,1,1,0,4,8,18
216,0,-1251,-1251,0,0,1,1,1,0,4,8,18
217,0,-3539,-3539,0,0,1,1,1,0,4,8,18
218,0,-1954,-1954,0,0,1,1,1,0,4,8,18
219,0,-3014,-3014,0,0,1,1,1,0,4,8,18
220,0,-1294,-1294,0,0,1,1,1,0,4,8,18
221,0,-3125,-3125,0,0,1,1,1,0,4,8,18
222,1,-38,-38,0,0,1,1,0,0,4,8,18
223,0,-1288,-1288,0,0,1,1,1,0,4,8,18
224,1,944,944,1,1,1,1,1,0,4,8,18
225,0,-3169,-3169,0,0,1,1,1,0,4,8,18
226,0,-12,-12,0,0,1,1,1,0,4,8,18
227,1,3171,3171,1,1,1,1,1,0,4,8,18
228,0,-3389,-3389,0,0,1,1,1,0,4,8,18
229,1,126,126,1,1,1,1,1,0,4,8,18
230,0,-311,-311,0,0,1,1,1,0,4,8,18
231,0,-1000,-1000,0,0,1,1,1,0,4,8,18
232,0,-720,-720,0,0,1,1,1,0,4,8,18
233,1,95,95,1,1,1,1,1,0,4,8,18
234,1,-204,-204,0,0,1,1,0,0,4,8,18
235,0,-2953,-2953,0,0,1,1,1,0,4,8,18
236,0,-1911,-1911,0,0,1,1,1,0,4,8,18
237,0,-2330,-2330,0,0,1,1,1,0,4,8,18
238,1,2661,2661,1,1,1,1,1,0,4,8,18
239,0,144,144,1,1,1,1,0,0,4,8,18
240,1,1071,1071,1,1,1,1,1,0,4,8,18
241,0,-1872,-1872,0,0,1,1,1,0,4,8,18
242,0,243,243,1,1,1,1,0,0,4,8,18
243,0,-1924,-1924,0,0,1,1,1,0,4,8,18
244,0,-2450,-2450,0,0,1,1,1,0,4,8,18
245,0,-1130,-1130,0,0,1,1,1,0,4,8,18
246,1,-266,-266,0,0,1,1,0,0,4,8,18
247,0,-21,-21,0,0,1,1,1,0,4,8,18
248,0,-3388,-3388,0,0,1,1,1,0,4,8,18
249,1,760,760,1,1,1,1,1,0,4,8,18
250,1,978,978,1,1,1,1,1,0,4,8,18
251,1,874,874,1,1,1,1,1,0,4,8,18
252,0,-1203,-1203,0,0,1,1,1,0,4,8,18
253,0,-314,-314,0,0,1,1,1,0,4,8,18
254,0,-1087,-1087,0,0,1,1,1,0,4,8,18
255,1,1527,1527,1,1,1,1,1,0,4,8,18
