sample_id,label,prediction,classification_correct,expected_logit,dense,categorical_ids,embedding_0,embedding_1,embedding_2,embedding_3,expected_bottom,expected_interaction
0,0,0,1,-393,-575;591;123;-461;2813;-2032;28;-519,55;45;49;63,-228;270;342;22;-301;51;453;427,-67;-338;131;150;-60;-240;-118;-71,258;24;186;424;181;241;254;306,268;272;167;-333;163;315;-170;268,849;85;853;165;0;542;1225;1930,849;85;853;165;0;542;1225;1930;748;-176;-52;724;109;-28;399;32;-109;54
1,0,0,1,-2698,-1442;1463;-2411;-1475;3281;-3189;3814;-791,33;21;24;33,-256;23;-193;149;-93;-20;-347;-179,-315;-5;-270;-363;313;-71;-144;-521,-203;-199;224;14;-221;-167;-95;-25,121;104;164;140;-136;-12;34;-37,0;0;632;8107;0;0;0;8942,0;0;632;8107;0;0;0;8942;-251;-3795;95;15;33;-15;443;-15;-79;11
2,1,1,1,866,203;1311;-1260;1425;1533;-222;3713;-929,8;19;55;81,-78;-108;372;218;-299;375;175;371,-50;165;175;-40;-28;77;-11;211,157;45;51;184;-94;-194;-66;175,-470;-131;148;-66;-352;20;-353;70,2630;1973;1461;1335;0;332;2667;1857,2630;1973;1461;1335;0;332;2667;1857;828;383;76;443;25;13;-1060;82;30;-10
3,1,1,1,1386,-1681;-463;4636;1216;-58;790;1199;2663,2;75;66;54,203;32;-68;32;293;314;-326;-187,367;131;293;-180;-365;-96;127;69,151;-65;7;-6;-688;-554;110;399,-349;133;-13;-337;-53;61;-44;169,3276;3142;1063;195;0;3426;3943;0,3276;3142;1063;195;0;3426;3943;0;239;1007;-68;-570;-224;193;-376;-44;-17;3
4,0,0,1,-1392,-2631;-3027;3104;-421;-830;-39;1610;233,14;3;34;27,-8;-361;351;-25;384;-45;-134;-61,-55;305;309;-27;23;21;-43;306,-136;-380;-280;95;330;-165;-111;-149,-92;-557;81;235;420;-71;-354;2,0;0;0;1812;0;4617;0;5769,0;0;0;1812;0;4617;0;5769;-295;885;-3;-708;96;-114;53;213;-60;202
5,0,0,1,-785,1422;-248;783;-3398;-4558;1991;1732;-994,44;53;75;41,-63;419;186;-108;-298;-279;57;67,5;423;1;163;-93;54;110;183,270;-359;-469;182;-94;246;283;48,198;-59;-243;360;77;40;183;514,1436;166;1152;1370;0;2688;1827;3555,1436;166;1152;1370;0;2688;1827;3555;-177;634;93;677;-144;-29;1346;-54;70;163
6,0,0,1,-1567,-990;-1521;218;-995;297;-1648;2933;-2062,13;49;14;66,-45;-71;-115;-121;69;-80;-370;-62,64;-92;-277;143;-214;123;-125;-337,61;230;-54;6;-210;466;-56;562,-96;-70;-174;-116;-372;-261;-122;352,0;225;343;4352;0;644;0;4806,0;225;343;4352;0;644;0;4806;-455;-505;30;1494;-39;-40;461;30;-12;72
7,0,0,1,-2490,493;-4092;110;-2664;-2917;2313;-1074;-1890,55;67;27;92,-228;270;342;22;-301;51;453;427,138;268;693;110;-330;-160;228;-138,-55;-204;55;-87;78;247;-498;91,-139;-197;-218;201;411;27;-285;-180,0;0;1932;786;0;8535;0;9174,0;0;1932;786;0;8535;0;9174;2456;-589;203;1455;-109;-110;-822;-205;-186;89
8,0,0,1,-1873,-173;-884;-1960;-432;1918;-585;-4950;-3454,51;73;75;83,-84;-10;125;161;-17;105;76;-144,520;-109;-41;-123;-118;134;208;-42,270;-359;-469;182;-94;246;283;48,-153;62;14;84;-249;-165;-228;-202,1452;0;1597;3880;0;3727;0;9534,1452;0;1597;3880;0;3727;0;9534;-136;152;-14;842;-3;135;-1179;13;-63;-71
9,0,0,1,-1978,-1789;-1294;-454;-170;-1559;2727;20;-882,62;73;89;41,-158;-79;257;291;-107;143;333;-200,520;-109;-41;-123;-118;134;208;-42,-23;-151;-285;257;-201;138;-71;-167,198;-59;-243;360;77;40;183;514,248;0;0;2791;0;3877;0;6435,248;0;0;2791;0;3877;0;6435;20;17;-5;84;33;9;2205;-14;43;28
10,0,0,1,-1154,-759;-296;115;-2374;1709;1351;-586;-1060,31;8;65;48,-115;101;1;86;297;420;198;-150,17;227;351;442;312;107;166;111,-180;185;-69;-35;-139;18;-108;295,-453;36;64;4;61;-148;-195;-137,0;0;153;3040;0;1456;0;5204,0;0;153;3040;0;1456;0;5204;45;1040;104;705;-31;-13;-443;-3;-10;26
11,1,1,1,1076,4369;567;1129;1330;652;-1892;-784;3986,46;70;51;112,119;294;401;-143;126;110;-342;-134,-193;229;-320;-346;-54;-217;-112;-237,455;-409;297;233;-403;67;296;402,89;550;348;190;-150;213;306;283,5147;5011;3424;0;0;4817;8697;0,5147;5011;3424;0;0;4817;8697;0;495;-1446;2;2054;-87;-234;3952;72;-101;118
12,0,1,0,379,-472;-74;-1429;414;-3794;4318;2360;3172,54;26;41;51,663;645;-40;137;316;-11;-239;-222,-21;-24;-87;-240;-104;156;10;-103,47;-359;4;-406;-176;114;-15;-151,6;-216;-59;-380;362;91;248;-72,3450;1175;831;3257;0;2718;1661;3520,3450;1175;831;3257;0;2718;1661;3520;1099;-428;-36;-891;-135;76;-544;-56;43;91
13,0,0,1,-51,-1731;881;-869;112;-2058;4769;1036;-263,28;68;94;79,-365;-332;268;232;-169;-383;-529;-69,244;413;334;-203;-133;42;-133;91,-245;-115;-155;-65;-189;151;-336;211,-15;-37;-66;134;-141;326;-185;-213,3381;0;0;2611;0;1046;1610;3732,3381;0;0;2611;0;1046;1610;3732;-1044;227;-55;-290;102;-25;-221;21;-15;50
14,0,0,1,-1032,-2981;-2696;945;4079;-956;345;-4312;715,40;21;79;95,192;255;83;40;350;250;123;-94,-315;-5;-270;-363;313;-71;-144;-521,-476;-77;-69;85;-196;261;-628;13,31;-97;-108;-41;275;-216;108;-266,4228;2053;212;464;0;8595;0;6941,4228;2053;212;464;0;8595;0;6941;1400;-2829;12;92;-95;69;-1862;25;127;-90
15,1,1,1,1759,2031;-2169;287;2737;-2173;-479;-2970;-450,26;66;72;79,5;-145;423;71;-317;516;54;-93,53;-31;232;-318;-310;337;25;50,45;58;-205;-143;-117;-19;-578;-45,-15;-37;-66;134;-141;326;-185;-213,4387;1905;2593;0;0;8872;114;2405,4387;1905;2593;0;0;8872;114;2405;2541;1898;170;-277;-51;6;1002;102;39;58
16,1,1,1,105,2699;175;-214;-1358;1133;271;1968;-1553,52;38;61;57,216;306;368;133;191;349;285;187,309;171;250;-155;-224;82;-5;255,-215;-112;254;-190;159;-371;-149;-68,313;17;246;241;-355;356;-36;203,1535;428;1555;1407;0;45;378;3187,1535;428;1555;1407;0;45;378;3187;948;748;109;-264;-81;-37;908;136;139;-122
17,1,1,1,922,-537;-1239;4412;-1263;3785;2127;-194;-2927,11;0;67;22,41;-54;-320;-21;-103;-166;-6;228,146;103;62;-7;-9;-164;166;-80,21;334;-149;-242;-48;155;219;79,128;152;-413;-207;-117;213;-63;339,2747;305;2976;0;0;3941;2057;1476,2747;305;2976;0;0;3941;2057;1476;-579;95;-5;437;15;17;185;92;-30;106
18,1,1,1,657,3329;407;-2439;1211;424;-1181;2205;-3287,10;16;67;54,142;-109;-34;431;18;144;-80;152,289;35;-12;-217;177;-241;-48;-268,21;334;-149;-242;-48;155;219;79,-349;133;-13;-337;-53;61;-44;169,3086;2037;3053;3407;0;21;2856;5002,3086;2037;3053;3407;0;21;2856;5002;1033;-633;-61;239;-57;-3;-622;-84;-44;67
19,1,1,1,1306,1027;2529;528;415;1314;-739;-3522;-1439,38;71;63;104,-185;184;-60;177;377;495;383;-251,-427;-595;-208;-737;541;-548;-213;-170,26;93;481;150;-223;77;-60;-55,-208;-358;-80;-182;-192;-79;-236;-129,4818;3131;2419;0;0;2745;5834;115,4818;3131;2419;0;0;2745;5834;115;1516;-3511;-124;701;-22;-204;-1917;-110;227;-23
20,1,1,1,105,414;666;-680;211;3048;725;-566;-214,19;67;22;72,209;167;-302;6;-33;46;-88;120,138;268;693;110;-330;-160;228;-138,137;-400;162;169;73;67;355;218,263;20;72;590;-220;-42;17;-371,2128;0;1109;0;0;837;1382;2698,2128;0;1109;0;0;837;1382;2698;171;425;-82;784;-44;29;-182;0;142;22
21,1,1,1,551,-34;1398;-572;1001;-496;-2441;3721;-1111,34;5;70;95,77;-271;393;-135;-157;-130;188;263,-15;-178;52;124;379;54;-281;-117,512;-65;-290;255;-459;-2;68;-31,31;-97;-108;-41;275;-216;108;-266,1819;3247;1428;2727;0;1196;4193;1492,1819;3247;1428;2727;0;1196;4193;1492;234;-723;-49;605;-7;-83;-355;-36;49;-33
22,0,1,0,209,1355;-1622;-35;821;5290;-1237;-1731;1361,63;20;7;29,-258;258;-70;-108;272;162;195;101,436;373;17;65;85;175;477;-102,-102;-100;489;43;97;235;-287;10,-359;-269;19;214;-212;-268;-188;24,2141;0;1234;0;0;2022;52;2939,2141;0;1234;0;0;2022;52;2939;-2;505;54;427;-14;-78;-599;-67;-195;26
23,1,1,1,402,2550;984;-3397;19;444;-1266;-798;3040,11;3;47;19,41;-54;-320;-21;-103;-166;-6;228,-55;305;309;-27;23;21;-43;306,-401;-311;-41;-24;-242;-2;214;181,-322;-150;239;-136;-75;-241;-441;-402,1609;301;1865;3543;0;1303;1926;2478,1609;301;1865;3543;0;1303;1926;2478;-139;579;-26;-21;39;-22;-1347;-59;-30;10
24,0,0,1,-1184,-500;10;-3631;297;-713;1328;2643;1897,16;50;48;127,178;35;-187;115;323;175;-191;238,158;131;419;-140;243;371;-78;45,-399;9;221;-187;-13;-3;-452;-104,-247;-175;-14;245;-57;-23;-111;423,794;0;917;5499;0;1606;0;5427,794;0;917;5499;0;1606;0;5427;1062;283;52;-836;-37;41;1659;39;-47;27
25,1,0,0,-162,-606;-344;2373;-955;373;1485;-2757;-3531,27;20;36;63,-87;191;215;-129;498;-79;-63;-145,436;373;17;65;85;175;477;-102,574;249;380;168;188;259;-202;604,268;272;167;-333;163;315;-170;268,2784;326;1705;0;0;5236;981;2827,2784;326;1705;0;0;5236;981;2827;-341;1201;20;2535;27;129;1640;66;78;262
26,1,1,1,685,733;-43;-386;953;579;1339;771;-772,25;27;68;95,425;19;222;-43;117;-106;-175;288,268;448;422;-230;-76;-95;-172;-171,286;70;-281;140;70;-48;-195;140,31;-97;-108;-41;275;-216;108;-266,2317;998;1291;0;0;550;954;969,2317;998;1291;0;0;550;954;969;656;601;102;143;69;-17;-214;-25;-22;-1
27,0,0,1,-958,-2087;2886;-4277;-378;-923;3639;684;3352,60;31;74;121,-150;308;107;-260;124;8;-554;194,277;-283;-327;-103;67;-396;22;64,-125;-78;-424;13;-218;-113;3;-213,44;725;98;339;152;614;212;203,3030;0;0;6756;0;1051;3560;6042,3030;0;0;6756;0;1051;3560;6042;-1466;94;-64;-823;-61;69;2466;41;-232;-119
28,0,0,1,-285,-2569;934;457;512;2748;455;-156;2825,50;69;17;38,-1;315;-352;-376;277;-56;-156;-178,-68;331;-91;-65;68;244;-22;109,-2;-573;187;55;11;-217;176;-48,-175;-302;-55;253;-164;-36;246;22,2009;0;200;1502;0;2405;1312;2997,2009;0;200;1502;0;2405;1312;2997;-737;309;73;-156;-132;-133;156;-125;-60;110
29,0,0,1,-851,-1505;205;-1126;402;-2013;-1322;880;1387,3;47;95;17,-341;309;108;222;235;272;10;-414,-174;-441;-19;-166;8;90;45;353,-421;-370;-79;29;272;-65;-337;62,-15;-138;-171;224;-3;108;81;39,170;829;169;3130;0;3177;1550;2927,170;829;169;3130;0;3177;1550;2927;283;230;-115;-414;22;115;556;3;28;22
30,0,0,1,-3305,-2231;-4001;1727;712;-2535;-374;-1076;555,46;77;36;38,119;294;401;-143;126;110;-342;-134,-183;232;-296;79;146;10;-229;-293,574;249;380;168;188;259;-202;604,-175;-302;-55;253;-164;-36;246;22,274;0;484;1046;0;7325;0;8601,274;0;484;1046;0;7325;0;8601;-132;-1249;26;3715;151;-121;56;-136;-43;-113
31,0,0,1,-807,1702;-1049;-715;-1172;2431;402;2283;1298,56;37;78;36,34;298;82;-302;237;-221;137;-11,-301;-89;225;-21;462;167;-196;105,173;-92;341;-16;-122;347;293;40,335;-461;180;179;46;650;-41;315,664;0;274;1692;0;935;0;2695,664;0;274;1692;0;935;0;2695;-343;130;16;300;-27;-9;992;-150;72;185
32,1,1,1,1366,-755;-230;-1118;2125;-3769;-1116;-1697;1069,16;51;55;96,178;35;-187;115;323;175;-191;238,114;102;310;54;128;447;281;308,157;45;51;184;-94;-194;-66;175,-352;57;84;-384;243;98;-432;41,2459;2223;908;927;0;6562;2799;2327,2459;2223;908;927;0;6562;2799;2327;791;2576;54;-170;15;-7;-727;33;-31;-61
33,0,0,1,-798,2043;-3561;703;-434;-25;-4549;1939;1315,39;44;60;14,-157;-108;241;66;-315;198;329;105,354;139;25;-213;300;131;-42;-94,86;240;397;-215;9;-20;-147;196,104;-13;291;321;204;348;272;-187,765;666;666;985;0;3317;0;2540,765;666;666;985;0;3317;0;2540;467;179;-83;347;4;52;615;74;42;-14
34,1,1,1,690,-286;-958;6299;-1244;-1262;-2532;2195;-1771,30;63;44;78,469;287;9;138;-404;311;189;-104,-311;-34;188;75;-80;-203;118;-368,131;-204;432;-106;168;123;322;232,150;-212;-248;21;-77;106;188;18,1654;3127;1591;0;0;5911;3944;0,1654;3127;1591;0;0;5911;3944;0;2086;-516;-56;1105;0;-23;273;53;-41;9
35,1,1,1,1637,1598;1123;2110;2123;3090;-1011;863;4292,33;9;58;47,-256;23;-193;149;-93;-20;-347;-179,-94;-34;-261;-443;-36;-494;-61;-221,-1;-283;-203;-304;-95;-207;-355;396,53;-127;-29;10;250;-55;121;34,5033;5586;3055;0;0;3304;7785;0,5033;5586;3055;0;0;3304;7785;0;-2206;-1742;40;-2761;26;116;112;-39;3;-2
36,1,0,0,-415,1110;-142;527;-1505;-3486;-2005;-1793;-3758,61;65;74;40,231;-180;434;397;649;258;13;135,-379;132;-452;-37;250;-308;282;-301,-125;-78;-424;13;-218;-113;3;-213,268;39;-104;-113;133;210;-294;-145,2155;1168;2894;1711;0;5496;1746;4981,2155;1168;2894;1711;0;5496;1746;4981;2117;-2311;-135;-1583;-192;134;23;40;-57;-8
37,1,1,1,2376,5730;-2139;1981;2539;-199;-354;1306;40,7;59;9;110,184;406;108;402;189;-21;291;542,388;159;-49;-157;-246;14;-111;-84,288;299;32;195;-166;372;211;485,-248;-379;40;141;-93;222;-233;-255,5378;3711;5253;0;0;7133;4333;0,5378;3711;5253;0;0;7133;4333;0;2038;995;-28;3122;264;53;-955;-179;-52;-113
38,1,1,1,1152,-684;1456;2218;-32;-2061;-2552;863;-2012,7;11;70;49,184;406;108;402;189;-21;291;542,-363;439;-204;-77;-238;-78;146;-190,512;-65;-290;255;-459;-2;68;-31,-219;-80;-105;314;83;-259;224;-344,2023;3137;708;4;0;3605;4714;0,2023;3137;708;4;0;3605;4714;0;1475;442;-22;459;27;-24;-315;-28;68;-4
39,0,0,1,-2604,-821;-5327;-123;-2946;95;-4213;32;1375,58;35;37;28,0;-286;-212;-83;-5;41;-200;-135,-351;98;342;-296;390;145;-331;-116,175;16;-143;-117;-209;-42;-168;-55,-316;127;-136;-170;164;-91;204;43,0;0;0;6139;0;5161;0;9809,0;0;0;6139;0;5161;0;9809;-792;-1077;5;-720;37;-49;-533;-22;51;-40
40,0,0,1,-442,-344;834;-3529;1824;153;-772;1918;863,39;18;77;13,-157;-108;241;66;-315;198;329;105,310;253;-196;-53;130;4;-256;-117,295;-213;204;91;-118;94;61;449,-217;61;-81;-277;471;-200;160;-421,1039;998;1558;4961;0;925;1330;3658,1039;998;1558;4961;0;925;1330;3658;702;-370;-129;1306;76;-44;-1551;-93;23;-182
41,0,0,1,-3506,-3224;-3027;-397;177;138;3291;10;799,39;21;7;92,-157;-108;241;66;-315;198;329;105,-315;-5;-270;-363;313;-71;-144;-521,-102;-100;489;43;97;235;-287;10,-139;-197;-218;201;411;27;-285;-180,69;0;0;4840;0;5928;0;10086,69;0;0;4840;0;5928;0;10086;1241;-3640;-124;828;34;-32;-338;-114;143;30
42,1,0,0,-251,-621;1373;291;-428;-617;1778;2285;6354,39;15;33;94,-157;-108;241;66;-315;198;329;105,150;-107;278;-436;185;13;136;-188,-169;-150;197;96;-171;-186;17;134,-18;176;71;459;42;86;191;166,2709;962;897;4614;0;3022;2796;1294,2709;962;897;4614;0;3022;2796;1294;804;-626;-2;-158;65;-26;1617;56;-97;18
43,0,0,1,-2341,-3896;-1694;-1013;1637;2663;3497;1100;91,20;28;67;125,-39;577;198;-84;-223;269;392;-107,-172;-78;-158;-418;-174;77;-134;-33,21;334;-149;-242;-48;155;219;79,169;238;104;224;-336;304;120;-27,1548;0;0;3528;0;4564;0;8164,1548;0;0;3528;0;4564;0;8164;-1;-810;-12;259;153;41;1083;166;-44;49
44,1,1,1,1477,2036;3160;-1900;-1307;-2963;-2399;165;-242,4;67;26;85,-205;-396;-374;71;-376;-272;247;68,138;268;693;110;-330;-160;228;-138,-155;82;385;301;306;-137;-217;-8,35;-150;-312;262;-56;76;-151;16,3703;3330;2901;3905;0;1223;6188;2556,3703;3330;2901;3905;0;1223;6188;2556;-740;2298;-84;225;-125;85;-514;74;-124;-26
45,0,0,1,-1567,-1550;-1396;-122;-1389;3377;2201;834;-1835,27;61;32;79,-87;191;215;-129;498;-79;-63;-145,163;-76;355;218;-159;-108;306;-170,-50;-350;17;275;11;404;-48;6,-15;-37;-66;134;-141;326;-185;-213,464;0;325;2162;0;1936;0;6218,464;0;325;2162;0;1936;0;6218;-637;-295;-22;682;-58;11;-211;-44;-13;91
46,1,1,1,68,-349;-2594;1795;856;-1887;-1161;-398;-1767,4;62;93;65,-205;-396;-374;71;-376;-272;247;68,736;285;328;212;-133;67;211;116,-9;188;-185;54;-215;-77;192;-33,218;-12;192;5;421;-73;-236;210,1334;513;1379;0;0;6477;0;3813,1334;513;1379;0;0;6477;0;3813;-1218;1200;-137;-388;72;28;428;-143;66;-86
47,0,0,1,-1464,-871;1695;-2452;-359;-4232;658;-3984;2918,57;66;38;92,60;-51;-75;241;-210;170;-239;-23,53;-31;232;-318;-310;337;25;50,91;11;130;293;117;285;-79;336,-139;-197;-218;201;411;27;-285;-180,1995;69;114;3973;0;5932;2031;4657,1995;69;114;3973;0;5932;2031;4657;723;561;13;2176;49;8;-378;28;-122;16
48,0,0,1,-774,1309;-2575;4;-2128;-1209;1328;-2910;1578,6;28;20;1,-48;-154;-164;-190;-134;185;344;-86,-172;-78;-158;-418;-174;77;-134;-33,-256;297;307;90;190;-339;71;-181,47;-2;-55;418;-346;-113;-35;80,170;0;835;205;0;6186;0;4997,170;0;835;205;0;6186;0;4997;259;32;59;-1353;-73;-62;-123;-32;-59;-18
49,0,0,1,-3768,-507;-448;-7083;-1062;43;-799;-541;824,34;63;23;26,77;-271;393;-135;-157;-130;188;263,-311;-34;188;75;-80;-203;118;-368,19;42;-34;36;74;692;111;495,61;46;227;-115;403;-345;-338;-106,0;0;1158;12316;0;409;0;14176,0;0;1158;12316;0;409;0;14176;1205;-2030;7;3762;10;-159;-1366;-6;25;-150
50,1,1,1,849,-586;3105;-1437;948;1768;-381;2455;2385,35;48;68;121,-158;169;120;53;-711;-104;239;789,-175;475;143;58;-204;688;57;232,286;70;-281;140;70;-48;-195;140,44;725;98;339;152;614;212;203,3167;1144;1136;933;0;2304;4772;865,3167;1144;1136;933;0;2304;4772;865;714;1105;194;-60;-20;-37;1952;90;401;25
51,1,0,0,-680,3301;2096;457;-4519;-999;2451;733;-2275,50;77;77;118,-1;315;-352;-376;277;-56;-156;-178,-183;232;-296;79;146;10;-229;-293,295;-213;204;91;-118;94;61;449,-34;-428;121;110;-129;142;47;14,3330;0;2036;2488;0;0;2821;4782,3330;0;2036;2488;0;0;2821;4782;-1439;-1495;135;1925;-147;-155;296;-133;-74;75
52,0,0,1,-2177,-3472;-1494;-1124;1767;2736;-528;-1669;1984,13;13;24;71,-45;-71;-115;-121;69;-80;-370;-62,-85;-372;267;19;259;1;-374;-301,-203;-199;224;14;-221;-167;-95;-25,-318;-69;-404;216;-94;115;439;598,402;0;0;3775;0;4018;0;6725,402;0;0;3775;0;4018;0;6725;-592;-968;84;-424;15;67;2525;-86;-205;-31
53,1,1,1,758,-386;2047;-1646;-298;-3098;1444;-1622;-319,52;44;48;5,216;306;368;133;191;349;285;187,354;139;25;-213;300;131;-42;-94,-399;9;221;-187;-13;-3;-452;-104,-54;50;-649;113;172;-234;-222;-410,2755;774;170;3864;0;1355;3137;3768,2755;774;170;3864;0;1355;3137;3768;1699;-22;85;-1753;-87;-34;-1144;-200;8;-1
54,0,0,1,-2402,-1311;-2641;-2086;21;1773;-3496;-1537;-1019,43;18;17;109,478;152;150;-158;283;-99;-153;-123,310;253;-196;-53;130;4;-256;-117,-2;-573;187;55;11;-217;176;-48,-40;20;216;227;-213;421;-256;549,0;0;0;6374;0;2649;0;8304,0;0;0;6374;0;2649;0;8304;-1119;-634;125;-304;-32;-109;3477;-73;-42;-60
55,1,1,1,1589,1147;3617;-563;-1369;-2363;406;2734;323,30;0;74;40,469;287;9;138;-404;311;189;-104,146;103;62;-7;-9;-164;166;-80,-125;-78;-424;13;-218;-113;3;-213,268;39;-104;-113;133;210;-294;-145,3538;2926;886;3693;0;136;6706;1633,3538;2926;886;3693;0;136;6706;1633;2030;882;44;-655;-4;-7;-794;45;-17;-8
56,1,1,1,969,-86;2076;-3488;2265;1038;2825;3071;454,9;2;34;3,317;208;-340;54;-371;-186;116;-195,67;-143;-35;-386;-386;130;88;-55,-136;-380;-280;95;330;-165;-111;-149,-382;-319;-86;-143;-156;206;-101;-134,5112;531;1449;2726;0;0;2694;3914,5112;531;1449;2726;0;0;2694;3914;456;-398;60;-940;-48;-64;-1676;-64;80;63
57,0,1,0,2,-1262;-378;-2905;3696;-3767;570;-700;-2009,58;10;74;26,0;-286;-212;-83;-5;41;-200;-135,193;199;252;-247;84;182;-12;-116,-125;-78;-424;13;-218;-113;3;-213,61;46;227;-115;403;-345;-338;-106,3320;2863;1185;3202;0;4653;698;5760,3320;2863;1185;3202;0;4653;698;5760;-1007;434;-32;-1391;66;-80;-1082;7;46;-67
58,1,1,1,150,1658;-610;273;384;642;1327;3455;-1855,2;11;26;29,203;32;-68;32;293;314;-326;-187,-363;439;-204;-77;-238;-78;146;-190,-155;82;385;301;306;-137;-217;-8,-359;-269;19;214;-212;-268;-188;24,1864;1110;1534;0;0;429;0;2474,1864;1110;1534;0;0;429;0;2474;-9;-491;-75;153;36;-50;-485;-81;15;58
59,0,0,1,-1572,-2486;349;-1207;2082;-841;52;-1495;596,57;52;84;68,60;-51;-75;241;-210;170;-239;-23,-114;-276;267;124;69;-115;377;-77,-222;64;296;153;78;226;-127;618,-76;-388;252;-105;133;279;375;282,828;735;0;3249;0;4210;1018;3168,828;735;0;3249;0;4210;1018;3168;583;-117;-51;1533;18;-5;860;-52;130;122
60,1,1,1,2144,4999;2063;2155;2331;3637;-859;-1586;-130,46;35;75;32,119;294;401;-143;126;110;-342;-134,-351;98;342;-296;390;145;-331;-116,270;-359;-469;182;-94;246;283;48,30;146;107;-37;138;-2;170;416,7017;6850;4185;0;0;6382;10025;0,7017;6850;4185;0;0;6382;10025;0;879;-1344;176;918;-183;-217;1636;-1;0;-23
61,0,0,1,-1737,-4677;1189;1483;-411;2182;2845;-521;1417,8;32;8;87,-78;-108;372;218;-299;375;175;371,205;421;296;246;110;-105;49;-380,61;2;415;285;-162;354;342;-2,-88;-255;-237;-18;123;579;57;-29,2340;0;0;2933;0;3755;1252;5440,2340;0;0;2933;0;3755;1252;5440;2003;-585;-50;1331;221;82;893;60;-114;46
62,0,0,1,-783,-374;-279;2046;-3973;2244;1118;-1385;446,46;34;55;108,119;294;401;-143;126;110;-342;-134,153;570;-36;43;102;215;164;14,157;45;51;184;-94;-194;-66;175,-382;8;166;152;195;202;-106;-404,235;0;213;396;0;2736;120;3252,235;0;213;396;0;2736;120;3252;-58;341;70;74;-4;-2;-375;68;-6;-71
63,0,0,1,-4321,-3045;-3544;871;-1976;-4493;3763;-896;-678,8;40;63;94,-78;-108;372;218;-299;375;175;371,161;449;-262;-119;-273;78;-30;-398,26;93;481;150;-223;77;-60;-55,-18;176;71;459;42;86;191;166,0;0;0;3900;0;9832;0;12077,0;0;0;3900;0;9832;0;12077;4403;-2199;-111;331;129;-4;2266;109;-36;47
64,1,0,0,-157,-1569;2371;-189;63;-713;27;-1419;517,27;19;51;38,-87;191;215;-129;498;-79;-63;-145,-50;165;175;-40;-28;77;-11;211,455;-409;297;233;-403;67;296;402,-175;-302;-55;253;-164;-36;246;22,2164;961;0;1571;0;2118;3299;1253,2164;961;0;1571;0;2118;3299;1253;-373;185;14;1260;-179;25;240;-90;-28;113
65,0,0,1,-2240,423;-1924;-2937;1009;-125;2715;-1321;-1117,55;74;86;64,-228;270;342;22;-301;51;453;427,344;579;-125;-149;-53;37;-129;-103,-198;-234;-161;165;160;305;161;295,-98;-229;-461;332;-27;-88;-208;99,1534;0;745;3072;0;3034;0;8301,1534;0;745;3072;0;3034;0;8301;1793;-374;-26;1688;47;-125;528;-116;-70;81
66,0,0,1,-1508,3309;-645;-1332;-2107;-2040;-2823;-693;-1647,7;73;36;21,184;406;108;402;189;-21;291;542,520;-109;-41;-123;-118;134;208;-42,574;249;380;168;188;259;-202;604,116;82;185;218;118;259;236;159,1166;241;2957;3509;0;2782;1507;5050,1166;241;2957;3509;0;2782;1507;5050;2519;245;5;2885;300;88;1634;163;39;162
67,0,1,0,266,-1701;147;3014;-465;1413;-265;2036;2516,4;0;7;84,-205;-396;-374;71;-376;-272;247;68,146;103;62;-7;-9;-164;166;-80,-102;-100;489;43;97;235;-287;10,-25;-197;-59;-227;102;123;-214;241,1358;872;0;1167;0;2188;1829;362,1358;872;0;1167;0;2188;1829;362;-322;96;-5;-89;-142;-41;-247;-9;-50;42
68,0,1,0,398,-2258;29;967;1574;-1732;2330;2285;1116,7;16;88;85,184;406;108;402;189;-21;291;542,289;35;-12;-217;177;-241;-48;-268,-246;-437;-204;108;128;33;134;206,35;-150;-312;262;-56;76;-151;16,2788;1415;81;2112;0;2753;2408;1475,2788;1415;81;2112;0;2753;2408;1475;1654;-380;-69;-183;-13;-75;138;-15;-36;62
69,0,0,1,-2322,-170;-2913;805;595;-425;-2839;-848;-4888,8;39;23;115,-78;-108;372;218;-299;375;175;371,86;-119;86;-35;221;371;258;-203,19;42;-34;36;74;692;111;495,-247;-14;198;314;95;169;452;29,652;241;2131;1117;0;5819;0;6607,652;241;2131;1117;0;5819;0;6607;2731;483;36;3558;210;95;871;140;88;92
70,1,1,1,1712,1716;2493;-1888;2690;3029;1209;-455;-2204,16;44;29;114,178;35;-187;115;323;175;-191;238,354;139;25;-213;300;131;-42;-94,-51;207;-316;-45;205;339;-363;174,56;330;210;417;62;93;122;-117,6970;2703;2834;0;0;293;6760;2929,6970;2703;2834;0;0;293;6760;2929;128;1168;70;-1238;141;57;1165;7;9;-20
71,1,1,1,175,37;-186;-756;2119;-516;-5983;910;-2979,26;78;69;32,5;-145;423;71;-317;516;54;-93,-382;-101;-503;-415;416;62;-244;-516,-419;-378;-276;75;-75;18;12;-163,30;146;107;-37;138;-2;170;416,1841;3363;1574;2188;0;2852;4179;1714,1841;3363;1574;2188;0;2852;4179;1714;918;-2183;-144;-1216;-5;174;1002;-26;-129;-86
72,0,0,1,-1216,1886;808;-2763;-4028;1184;576;479;97,32;40;10;95,180;237;110;185;-25;135;93;-50,161;449;-262;-119;-273;78;-30;-398,-487;-383;58;-605;-107;-311;-274;-311,31;-97;-108;-41;275;-216;108;-266,700;0;1010;7553;0;0;0;9042,700;0;1010;7553;0;0;0;9042;577;-2270;58;-3742;-163;-28;-1368;-24;3;64
73,1,1,1,1465,777;-79;1046;2741;1716;1180;530;-2296,10;46;56;8,142;-109;-34;431;18;144;-80;152,99;5;185;-447;556;242;8;-381,610;-174;13;-172;-38;-179;227;134,-415;138;383;257;-274;-546;-33;-113,4376;3859;2072;0;0;2531;3098;0,4376;3859;2072;0;0;2531;3098;0;121;719;-97;1111;3;12;-964;-36;-159;-113
74,1,1,1,2097,2950;1066;-231;1393;-2612;-641;4258;-1416,38;23;95;119,-185;184;-60;177;377;495;383;-251,33;42;-240;-332;-304;-230;310;131,-421;-370;-79;29;272;-65;-337;62,-302;-344;97;270;-216;133;-400;-395,4099;4597;2460;1054;0;1950;6568;347,4099;4597;2460;1054;0;1950;6568;347;1719;499;-91;-2885;-27;-90;-2344;-17;-136;145
75,1,1,1,678,-1355;2002;2231;-1241;887;2501;-477;-706,41;9;54;11,188;-135;511;330;-408;-130;87;129,-94;-34;-261;-443;-36;-494;-61;-221,-211;-80;35;-242;109;-376;-690;-295,-135;-266;-136;45;229;33;-135;473,3384;0;0;0;0;1356;3191;1348,3384;0;0;0;0;1356;3191;1348;445;-723;-121;-1867;-90;200;-100;-45;-41;0
76,1,1,1,596,2381;-341;-1176;829;1261;-304;1638;661,16;75;56;47,178;35;-187;115;323;175;-191;238,367;131;293;-180;-365;-96;127;69,610;-174;13;-172;-38;-179;227;134,53;-127;-29;10;250;-55;121;34,1688;907;1550;286;0;1622;394;1169,1688;907;1550;286;0;1622;394;1169;274;545;-72;390;12;149;-34;33;-37;41
77,1,1,1,500,1802;565;276;688;921;-63;313;2320,63;71;38;17,-258;258;-70;-108;272;162;195;101,-427;-595;-208;-737;541;-548;-213;-170,91;11;130;293;117;285;-79;336,-15;-138;-171;224;-3;108;81;39,2617;2530;1853;0;0;2075;3732;0,2617;2530;1853;0;0;2075;3732;0;445;-2412;25;392;17;-206;-87;-4;-61;38
78,1,1,1,2778,29;-1821;3538;4037;-1191;453;-1794;-2904,60;18;46;113,-150;308;107;-260;124;8;-554;194,310;253;-196;-53;130;4;-256;-117,64;92;-277;308;12;-241;-128;47,-233;-260;234;583;60;-286;-62;297,6205;4800;3099;0;0;9609;1780;793,6205;4800;3099;0;0;9609;1780;793;60;987;78;-1233;-6;53;-2242;-36;-111;82
79,1,1,1,2476,5310;733;-1461;4370;1959;1008;-522;-529,33;30;67;80,-256;23;-193;149;-93;-20;-347;-179,64;623;-160;-338;-42;436;-259;-115,21;334;-149;-242;-48;155;219;79,-197;62;-217;87;-350;337;-238;-194,8077;6024;4720;0;0;4875;7934;0,8077;6024;4720;0;0;4875;7934;0;-2779;1751;41;1939;-46;156;-1215;122;135;14
80,1,1,1,944,1399;1692;-1125;1450;-116;-4153;3123;2371,21;59;64;121,-72;215;174;-314;-71;101;-293;-132,388;159;-49;-157;-246;14;-111;-84,-187;-94;122;-260;72;145;124;92,44;725;98;339;152;614;212;203,2721;4232;1722;1356;0;3443;6238;0,2721;4232;1722;1356;0;3443;6238;0;-436;384;53;109;28;-44;3541;13;2;-4
81,1,0,0,-183,382;-1965;374;1143;4315;1795;-2650;-303,16;19;22;34,178;35;-187;115;323;175;-191;238,-50;165;175;-40;-28;77;-11;211,137;-400;162;169;73;67;355;218,101;102;40;512;75;87;-130;209,3946;0;2129;0;0;4441;0;5167,3946;0;2129;0;0;4441;0;5167;1129;785;8;1128;9;-3;952;91;24;37
82,0,0,1,-1439,962;-2580;629;-1342;2297;-299;-430;4483,3;16;15;57,-341;309;108;222;235;272;10;-414,289;35;-12;-217;177;-241;-48;-268,63;570;264;288;65;21;303;437,313;17;246;241;-355;356;-36;203,413;110;0;2734;0;1862;0;3203,413;110;0;2734;0;1862;0;3203;-156;-868;-25;1130;44;-75;1027;-45;-81;110
83,0,0,1,-2832,-2997;96;-1116;-1871;-2345;1269;-132;-1465,13;65;56;57,-45;-71;-115;-121;69;-80;-370;-62,-379;132;-452;-37;250;-308;282;-301,610;-174;13;-172;-38;-179;227;134,313;17;246;241;-355;356;-36;203,0;0;0;7591;0;2686;53;9549,0;0;0;7591;0;2686;53;9549;-852;-1937;10;-242;-37;-90;2306;-61;-247;58
84,0,0,1,-2332,-2907;9;511;-2620;-1569;1812;2380;2923,50;15;31;76,-1;315;-352;-376;277;-56;-156;-178,150;-107;278;-436;185;13;136;-188,-232;-123;-168;449;-331;447;241;141,-41;7;-158;-287;-119;22;7;57,0;0;0;5582;0;3897;0;5221,0;0;0;5582;0;3897;0;5221;-1585;-1643;46;2434;-160;-153;-595;59;21;-17
85,1,1,1,1093,-726;-609;-584;3262;-625;831;358;-51,3;46;65;40,-341;309;108;222;235;272;10;-414,99;5;185;-447;556;242;8;-381,-180;185;-69;-35;-139;18;-108;295,268;39;-104;-113;133;210;-294;-145,3405;2685;1559;0;0;3557;1768;1281,3405;2685;1559;0;0;3557;1768;1281;142;501;119;13;-23;-98;438;15;115;-27
86,0,0,1,-1191,-2378;881;13;663;-1136;-555;-436;2069,4;46;35;34,-205;-396;-374;71;-376;-272;247;68,99;5;185;-447;556;242;8;-381,-13;-354;-37;579;100;-119;268;667,101;102;40;512;75;87;-130;209,837;674;0;2581;0;3660;2508;1802,837;674;0;2581;0;3660;2508;1802;-248;-414;-206;1310;148;-241;900;-53;-112;175
87,0,0,1,-1790,-1269;1399;-3698;129;562;1664;-2699;5393,0;74;68;83,207;-98;-154;-232;311;-71;95;24,344;579;-125;-149;-53;37;-129;-103,286;70;-281;140;70;-48;-195;140,-153;62;14;84;-249;-165;-228;-202,1945;0;9;5912;0;3812;0;6714,1945;0;9;5912;0;3812;0;6714;-527;-373;17;1044;36;77;-872;-74;13;-12
88,1,1,1,774,-2001;855;1890;-565;1126;-3922;-3763;-5122,47;2;68;100,-55;115;-60;-225;46;-185;188;167,67;-143;-35;-386;-386;130;88;-55,286;70;-281;140;70;-48;-195;140,25;-542;205;382;-267;-204;74;447,2600;2293;2628;0;0;5126;4089;3742,2600;2293;2628;0;0;5126;4089;3742;199;281;17;-173;-11;-45;142;-23;-8;2
89,1,1,1,2673,-38;2266;1490;3506;-1581;-2921;-182;-1018,51;50;48;95,-84;-10;125;161;-17;105;76;-144,158;131;419;-140;243;371;-78;45,-399;9;221;-187;-13;-3;-452;-104,31;-97;-108;-41;275;-216;108;-266,5141;7096;1839;0;0;5516;10061;0,5141;7096;1839;0;0;5516;10061;0;523;1843;18;-3001;6;41;-406;-1;-40;-26
90,1,1,1,451,1124;88;-232;851;4298;-4132;-1880;-175,3;13;77;56,-341;309;108;222;235;272;10;-414,-85;-372;267;19;259;1;-374;-301,295;-213;204;91;-118;94;61;449,-109;560;230;-155;-472;194;18;31,1974;1618;1399;0;0;2206;3877;206,1974;1618;1399;0;0;2206;3877;206;259;-931;63;517;-152;-38;741;63;-136;-14
91,1,0,0,-1425,1775;3380;-1833;-2556;1791;-2423;-116;-1252,20;7;26;98,-39;577;198;-84;-223;269;392;-107,264;-330;-383;-550;125;17;-31;-431,-155;82;385;301;306;-137;-217;-8,59;353;368;333;-240;413;305;27,2603;0;2558;4944;0;0;2617;6524,2603;0;2558;4944;0;0;2617;6524;155;-2883;-107;708;-42;-164;1814;258;-229;32
92,1,1,1,1250,-2302;3831;-1645;1824;2782;-1325;2094;-859,9;62;16;93,317;208;-340;54;-371;-186;116;-195,736;285;328;212;-133;67;211;116,25;607;-94;530;139;276;185;497,-603;-446;-292;191;582;-193;-66;79,4193;1488;1318;1278;0;1412;6569;2700,4193;1488;1318;1278;0;1412;6569;2700;602;2933;113;2201;8;180;-1868;-184;-352;-50
93,0,0,1,-805,2556;-3834;630;-1786;1920;-3279;-1190;-1508,46;24;19;51,119;294;401;-143;126;110;-342;-134,97;66;10;-297;-372;230;92;50,5;137;-177;220;-112;117;101;-83,6;-216;-59;-380;362;91;248;-72,0;0;1389;270;531;4962;0;3789,0;0;1389;270;531;4962;0;3789;304;521;9;10;-42;8;91;-25;2;-50
94,1,1,1,407,-112;-335;-811;1145;-1193;-3749;-3479;801,3;25;69;58,-341;309;108;222;235;272;10;-414,-90;-143;441;-58;111;-29;44;87,-419;-378;-276;75;-75;18;12;-163,235;-23;11;73;-312;-361;92;-28,1478;1331;298;223;0;5849;1434;1856,1478;1331;298;223;0;5849;1434;1856;403;-73;2;-668;33;-28;-828;-112;-19;-32
95,0,0,1,-860,186;-323;-4358;2139;-1012;3988;309;-2451,58;25;8;22,0;-286;-212;-83;-5;41;-200;-135,-90;-143;441;-58;111;-29;44;87,61;2;415;285;-162;354;342;-2,128;152;-413;-207;-117;213;-63;339,4301;588;1729;4555;0;0;0;8474,4301;588;1729;4555;0;0;0;8474;-1004;373;-34;1105;-81;72;906;18;-96;-73
96,1,1,1,1727,942;319;1290;1056;-2431;-4142;-393;4441,41;51;49;114,188;-135;511;330;-408;-130;87;129,114;102;310;54;128;447;281;308,258;24;186;424;181;241;254;306,56;330;210;417;62;93;122;-117,3870;4626;2132;0;0;5547;7584;0,3870;4626;2132;0;0;5547;7584;0;552;3020;67;2329;116;200;1774;83;86;130
97,0,0,1,-2116,-1787;-1249;12;-2607;-3169;2235;1352;1392,43;36;72;37,478;152;150;-158;283;-99;-153;-123,-168;-43;-55;-171;223;388;-303;-258,45;58;-205;-143;-117;-19;-578;-45,-229;-11;-151;320;213;134;-163;141,0;0;0;5216;0;4400;0;6866,0;0;0;5216;0;4400;0;6866;-1027;-467;17;-556;41;87;1576;-63;51;17
98,0,0,1,-291,872;-553;-1875;1768;879;-59;-2442;1621,32;19;57;63,180;237;110;185;-25;135;93;-50,-50;165;175;-40;-28;77;-11;211,-90;114;404;-138;184;0;302;-68,268;272;167;-333;163;315;-170;268,2222;492;1198;786;0;3588;329;3315,2222;492;1198;786;0;3588;329;3315;558;547;20;52;28;37;1284;38;74;39
99,1,1,1,1482,-466;2769;1671;775;-389;1441;-2664;-1996,47;76;11;56,-55;115;-60;-225;46;-185;188;167,-319;-43;337;293;172;355;104;122,-52;-61;49;-266;-291;-279;-7;544,-109;560;230;-155;-472;194;18;31,5738;4369;853;0;0;2820;5924;0,5738;4369;853;0;0;2820;5924;0;355;-55;-45;-660;88;-61;1304;21;18;61
100,0,0,1,-1071,-557;-3773;-522;3441;-729;1950;-2317;-2370,36;20;11;1,-87;299;308;-2;173;86;29;-82,436;373;17;65;85;175;477;-102,-52;-61;49;-266;-291;-279;-7;544,47;-2;-55;418;-346;-113;-35;80,2672;319;1561;0;0;8313;0;8054,2672;319;1561;0;0;8313;0;8054;194;949;64;967;-57;-95;-125;-49;-14;29
101,0,0,1,-1357,-1069;-177;-1237;1087;-890;161;-2001;590,10;76;77;44,142;-109;-34;431;18;144;-80;152,-319;-43;337;293;172;355;104;122,295;-213;204;91;-118;94;61;449,99;211;325;315;-271;94;-507;330,444;32;0;2465;0;3525;0;3592,444;32;0;2465;0;3525;0;3592;1062;1108;68;1119;84;41;1144;105;66;116
102,0,0,1,-771,2740;-4471;-587;-3089;-719;2416;-1746;571,11;0;10;95,41;-54;-320;-21;-103;-166;-6;228,146;103;62;-7;-9;-164;166;-80,-487;-383;58;-605;-107;-311;-274;-311,31;-97;-108;-41;275;-216;108;-266,0;0;1695;0;0;7410;0;7461,0;0;1695;0;0;7410;0;7461;-35;-834;-5;-2210;-6;-35;-1840;-6;29;64
103,0,0,1,-326,124;456;-1615;717;-784;-67;1220;1524,45;59;30;56,31;493;16;543;-450;416;-43;68,388;159;-49;-157;-246;14;-111;-84,9;13;78;600;537;478;37;339,-109;560;230;-155;-472;194;18;31,780;1164;898;2231;0;1482;1767;968,780;1164;898;2231;0;1482;1767;968;1187;-80;59;1237;153;-122;379;238;85;-107
104,1,1,1,1157,-2720;579;4123;-715;136;-2403;-1035;-1044,53;33;28;13,599;-80;222;391;-541;-197;512;-13,120;390;97;81;158;12;507;89,-14;-99;-80;98;-326;255;57;372,-217;61;-81;-277;471;-200;160;-421,1867;1886;230;0;0;5243;3723;0,1867;1886;230;0;0;5243;3723;0;924;1432;129;644;83;-13;-372;-190;41;-183
105,0,0,1,-1905,-1849;1127;-1273;-3201;586;-3361;2519;983,44;43;23;46,-63;419;186;-108;-298;-279;57;67,71;67;281;361;-48;-171;-380;-191,19;42;-34;36;74;692;111;495,137;-90;-285;-253;-125;135;-242;-13,0;0;0;7709;0;940;0;7294,0;0;0;7709;0;940;0;7294;-296;600;31;2216;-83;-123;-937;-43;-44;25
106,1,1,1,1892,-1289;3248;-313;2516;-2448;-1371;-904;-3566,13;55;55;48,-45;-71;-115;-121;69;-80;-370;-62,234;44;-406;-258;118;61;93;-129,157;45;51;184;-94;-194;-66;175,-453;36;64;4;61;-148;-195;-137,5066;5845;919;923;0;1890;8184;0,5066;5845;919;923;0;1890;8184;0;-1972;834;20;180;-8;-40;-1903;52;-65;-26
107,1,1,1,1123,4721;-2277;253;1110;-3820;2234;-986;1525,35;56;24;114,-158;169;120;53;-711;-104;239;789,-366;-553;-251;-253;178;5;134;-170,-203;-199;224;14;-221;-167;-95;-25,56;330;210;417;62;93;122;-117,4821;1488;4650;0;0;7308;0;1732,4821;1488;4650;0;0;7308;0;1732;319;-1959;-151;-731;77;37;1081;-11;-153;-30
108,0,0,1,-1719,-2028;-2158;-1952;1302;-3557;-4323;2073;-177,16;48;8;12,178;35;-187;115;323;175;-191;238,-175;475;143;58;-204;688;57;232,61;2;415;285;-162;354;342;-2,-214;-352;83;-189;299;323;-94;105,0;1513;448;4740;0;4801;0;6992,0;1513;448;4740;0;4801;0;6992;1474;2921;31;1575;-44;177;436;53;25;0
109,1,1,1,396,699;-940;2264;1653;3102;1643;-4876;1407,52;4;70;43,216;306;368;133;191;349;285;187,37;-124;-140;215;-321;-162;-466;-125,512;-65;-290;255;-459;-2;68;-31,118;249;-2;-66;7;165;62;255,5889;2017;2811;0;0;6048;427;3534,5889;2017;2811;0;0;6048;427;3534;2840;-999;-160;965;-28;118;1522;106;-64;10
110,0,0,1,-773,-2553;-459;1227;-777;170;4583;-1302;1589,4;28;62;82,-205;-396;-374;71;-376;-272;247;68,-172;-78;-158;-418;-174;77;-134;-33,-134;-542;310;-244;-101;65;-160;-166,2;1;-18;-363;281;-271;-667;-151,2531;0;0;3003;0;4139;0;6160,2531;0;0;3003;0;4139;0;6160;-494;-769;51;-891;38;82;-1532;-111;87;82
111,0,0,1,-1069,2342;-3387;-3526;-499;1278;-1287;727;3719,54;69;5;119,663;645;-40;137;316;-11;-239;-222,-68;331;-91;-65;68;244;-22;109,177;-450;-191;-383;182;-184;-59;-84,-302;-344;97;270;-216;133;-400;-395,0;317;468;5180;0;2886;0;6040,0;317;468;5180;0;2886;0;6040;-233;531;80;-1589;-61;-78;-326;-134;-67;-13
112,1,1,1,1817,-90;675;4019;1472;1281;1531;-1850;-1394,57;35;41;28,60;-51;-75;241;-210;170;-239;-23,-351;98;342;-296;390;145;-331;-116,47;-359;4;-406;-176;114;-15;-151,-316;127;-136;-170;164;-91;204;43,5461;5267;2432;0;0;4681;4652;0,5461;5267;2432;0;0;4681;4652;0;-215;-698;-48;-567;-7;20;-422;-76;51;-20
113,0,0,1,-1426,-3791;520;8;1399;-780;2525;3702;1236,30;71;6;113,469;287;9;138;-404;311;189;-104,-427;-595;-208;-737;541;-548;-213;-170,-230;-378;-233;137;267;-16;-38;-37,-233;-260;234;583;60;-286;-62;297,1561;0;0;3925;0;2615;1894;2722,1561;0;0;3925;0;2615;1894;2722;1056;-2861;-433;-17;-154;214;912;-126;-35;92
114,1,1,1,1420,2768;-2531;-1264;2118;973;-1120;-3460;1097,43;30;5;61,478;152;150;-158;283;-99;-153;-123,64;623;-160;-338;-42;436;-259;-115,177;-450;-191;-383;182;-184;-59;-84,-280;-157;-177;-94;386;-265;60;-336,2979;472;2195;0;0;6295;0;3724,2979;472;2195;0;0;6295;0;3724;363;1196;75;-769;67;-84;-2059;-1;-80;115
115,0,0,1,-2252,-208;329;-3276;-1586;-2673;-53;3382;-447,20;1;9;53,-39;577;198;-84;-223;269;392;-107,-117;523;284;-83;-329;88;-718;-28,288;299;32;195;-166;372;211;485,21;-787;-276;-132;-233;-264;-116;20,0;544;894;9098;0;0;268;8499,0;544;894;9098;0;0;268;8499;-526;-316;92;3000;156;18;-848;-276;-169;-165
116,0,0,1,-845,-4357;-486;1832;1647;328;-1105;1457;896,33;59;81;88,-256;23;-193;149;-93;-20;-347;-179,388;159;-49;-157;-246;14;-111;-84,-341;-371;56;176;108;-26;-455;199,304;-10;108;465;72;-226;165;-123,471;454;0;2191;0;4049;1455;2327,471;454;0;2191;0;4049;1455;2327;-384;-190;-16;-121;101;-105;96;-33;4;-48
117,1,1,1,1458,3243;99;-1246;1271;855;-1067;-3071;-1286,33;19;72;16,-256;23;-193;149;-93;-20;-347;-179,-50;165;175;-40;-28;77;-11;211,45;58;-205;-143;-117;-19;-578;-45,-213;319;-305;227;119;-356;86;-9,3278;1597;2785;0;0;4221;3594;1316,3278;1597;2785;0;0;4221;3594;1316;-1419;562;-27;-1244;111;-12;-1096;60;-16;-9
118,1,1,1,583,135;1045;105;13;340;-784;-1394;-1012,51;31;64;12,-84;-10;125;161;-17;105;76;-144,277;-283;-327;-103;67;-396;22;64,-187;-94;122;-260;72;145;124;92,-214;-352;83;-189;299;323;-94;105,1719;1280;1191;0;0;1690;2690;772,1719;1280;1191;0;0;1690;2690;772;128;-408;-63;172;0;-40;-169;4;-34;97
119,1,1,1,1316,902;-311;-469;2720;-3678;908;539;1496,21;1;71;42,-72;215;174;-314;-71;101;-293;-132,-117;523;284;-83;-329;88;-718;-28,40;-68;115;-470;231;171;62;-240,228;475;-89;384;487;376;135;157,4591;3774;2557;0;0;4561;4126;123,4591;3774;2557;0;0;4561;4126;123;79;-196;216;599;80;-33;2394;-52;-31;-32
120,0,0,1,-2588,-7429;-1214;1503;854;1128;-1744;418;-3376,49;0;7;45,-278;-149;133;-207;-266;89;-228;57,146;103;62;-7;-9;-164;166;-80,-102;-100;489;43;97;235;-287;10,290;114;-203;-278;1;-264;-26;179,0;0;0;6410;0;5671;0;8157,0;0;0;6410;0;5671;0;8157;-174;-795;-49;825;78;-41;-888;-36;33;-100
121,1,0,0,-675,2036;441;-2538;-160;3040;-1734;-3609;4039,61;69;70;36,231;-180;434;397;649;258;13;135,-68;331;-91;-65;68;244;-22;109,512;-65;-290;255;-459;-2;68;-31,335;-461;180;179;46;650;-41;315,1794;0;1247;927;0;2198;949;3323,1794;0;1247;927;0;2198;949;3323;1148;284;-9;366;-96;-41;1674;268;-3;78
122,1,1,1,3070,1821;1575;751;4209;-1127;-2585;-2136;-3849,2;53;74;8,203;32;-68;32;293;314;-326;-187,5;423;1;163;-93;54;110;183,-125;-78;-424;13;-218;-113;3;-213,-415;138;383;257;-274;-546;-33;-113,6586;7148;2734;0;0;6347;10103;0,6586;7148;2734;0;0;6347;10103;0;39;2204;-30;-1576;-29;-28;-2197;-155;34;13
123,0,0,1,-2183,-1491;-2619;119;192;5179;6728;477;107,36;78;50;63,-87;299;308;-2;173;86;29;-82,-382;-101;-503;-415;416;62;-244;-516,60;-1;-152;142;15;66;-115;-72,268;272;167;-333;163;315;-170;268,5070;0;1304;0;0;4266;0;8660,5070;0;1304;0;0;4266;0;8660;-187;-3319;-19;-115;-20;34;2559;68;-42;-16
124,0,0,1,-4022,1160;-4264;-4020;-1122;50;1611;-3698;-2250,61;39;63;55,231;-180;434;397;649;258;13;135,86;-119;86;-35;221;371;258;-203,26;93;481;150;-223;77;-60;-55,-118;-298;189;147;-34;194;-340;214,0;0;1691;6010;0;6364;0;15061,0;0;1691;6010;0;6364;0;15061;3318;-372;137;672;61;1;2764;107;-15;55
125,1,0,0,-102,-2041;-886;1466;2273;-3185;-120;53;-299,60;12;13;124,-150;308;107;-260;124;8;-554;194,173;267;-221;-237;-83;-299;444;36,-598;-397;-459;-123;-188;-361;-203;505,-20;67;136;154;-95;368;-401;329,2449;2002;220;851;0;5994;1186;2641,2449;2002;220;851;0;5994;1186;2641;-22;-226;-77;-1726;66;-13;1389;134;-156;18
126,0,0,1,-1,-3932;2219;3111;-936;-661;-3314;2106;4235,29;21;5;42,-195;520;4;174;-21;109;4;78,-315;-5;-270;-363;313;-71;-144;-521,177;-450;-191;-383;182;-184;-59;-84,228;475;-89;384;487;376;135;157,1560;1881;0;2233;0;4410;5989;0,1560;1881;0;2233;0;4410;5989;0;765;-1214;-30;-1265;-179;127;2233;153;-81;-149
127,1,1,1,1383,462;3435;-324;3;318;1202;909;825,26;51;5;1,5;-145;423;71;-317;516;54;-93,114;102;310;54;128;447;281;308,177;-450;-191;-383;182;-184;-59;-84,47;-2;-55;418;-346;-113;-35;80,4280;2199;1021;748;0;293;6074;824,4280;2199;1021;748;0;293;6074;824;288;1543;145;-583;-93;-101;134;24;-34;-91
128,0,0,1,-928,-232;31;-423;-2687;-1147;-1957;-1298;-638,54;8;17;3,663;645;-40;137;316;-11;-239;-222,17;227;351;442;312;107;166;111,-2;-573;187;55;11;-217;176;-48,-382;-319;-86;-143;-156;206;-101;-134,0;0;987;4544;0;2427;41;5710,0;0;987;4544;0;2427;41;5710;-352;1589;116;-175;-194;-18;-490;-231;-113;50
129,0,0,1,-1707,199;2523;-3899;-1022;-159;1039;1978;-2401,11;4;66;0,41;-54;-320;-21;-103;-166;-6;228,37;-124;-140;215;-321;-162;-466;-125,151;-65;7;-6;-688;-554;110;399,152;-424;-179;88;82;394;-266;-136,2547;0;1413;8616;0;0;2081;9919,2547;0;1413;8616;0;0;2081;9919;840;-225;40;2212;127;108;-493;-9;75;-151
130,0,0,1,-243,2258;-2811;187;543;2337;3064;1158;2304,63;58;0;109,-258;258;-70;-108;272;162;195;101,8;91;-444;44;-282;-43;-131;-254,-123;163;-19;454;-201;263;-148;278,-40;20;216;227;-213;421;-256;549,3260;370;2687;0;0;2562;0;3314,3260;370;2687;0;0;2562;0;3314;-90;-1018;-43;588;6;18;1638;-4;-72;220
131,0,0,1,-2767,-3121;-1374;693;-661;-1974;-5040;-237;-934,63;64;43;101,-258;258;-70;-108;272;162;195;101,-225;-177;-210;-418;-78;-15;-253;-135,70;-304;544;135;116;367;414;583,223;282;514;520;-67;69;95;264,0;822;0;3176;0;5211;0;5760,0;822;0;3176;0;5211;0;5760;632;-1137;-7;2661;40;-161;1838;-19;-235;239
132,0,0,1,-893,1050;-728;-772;-847;1720;176;-1413;2666,44;57;27;18,-63;419;186;-108;-298;-279;57;67,-331;5;324;-22;-52;-208;-177;56,-55;-204;55;-87;78;247;-498;91,428;-354;-97;253;408;-24;-42;-35,630;0;186;1791;0;1331;0;2912,630;0;186;1791;0;1331;0;2912;-183;-147;75;202;-86;36;279;-166;-93;32
133,1,1,1,948,1486;559;1718;936;-2977;-580;-736;522,35;21;40;14,-158;169;120;53;-711;-104;239;789,-315;-5;-270;-363;313;-71;-144;-521,-297;-116;-88;54;-108;94;-40;-122,104;-13;291;321;204;348;272;-187,3583;3845;1816;0;0;4894;4932;0,3583;3845;1816;0;0;4894;4932;0;474;-1316;-324;-687;-9;62;1902;-113;-64;-7
134,1,1,1,1650,-1754;3231;-63;2127;-949;193;-857;1323,29;53;23;31,-195;520;4;174;-21;109;4;78,5;423;1;163;-93;54;110;183,19;42;-34;36;74;692;111;495,-144;176;220;246;-150;59;-161;119,4518;4895;415;607;0;2940;7592;0,4518;4895;415;607;0;2940;7592;0;1036;1556;132;1551;67;77;-292;89;66;37
135,0,0,1,-3695,-1010;-1854;-3900;-4934;-173;2340;2884;3204,61;69;84;107,231;-180;434;397;649;258;13;135,-68;331;-91;-65;68;244;-22;109,-222;64;296;153;78;226;-127;618,65;-28;-216;47;-470;-29;247;112,0;0;0;10596;0;2728;0;11937,0;0;0;10596;0;2728;0;11937;3185;624;-9;4695;155;63;857;-171;-14;-38
136,0,0,1,-2340,-125;-3374;-1170;432;1062;-34;862;-1246,28;27;14;118,-365;-332;268;232;-169;-383;-529;-69,268;448;422;-230;-76;-95;-172;-171,61;230;-54;6;-210;466;-56;562,-34;-428;121;110;-129;142;47;14,0;0;409;2764;0;3087;0;6708,0;0;409;2764;0;3087;0;6708;-437;-929;-17;2540;-129;-10;433;75;-92;-4
137,0,0,1,-404,3002;-1399;-2328;-1234;5599;3684;1639;3666,37;35;53;51,254;-38;-279;-197;171;-85;39;112,-351;98;342;-296;390;145;-331;-116,-205;123;334;95;-15;180;-110;-153,6;-216;-59;-380;362;91;248;-72,3418;0;1731;585;0;1904;0;6615,3418;0;1731;585;0;1904;0;6615;415;-621;-50;-360;-102;119;-296;77;73;-43
138,0,0,1,-1103,-438;1159;382;-2465;1661;-462;-219;-115,26;14;4;40,5;-145;423;71;-317;516;54;-93,52;-217;-30;-422;-342;-40;-407;-240,-62;-57;-548;239;-124;112;-273;311,268;39;-104;-113;133;210;-294;-145,484;0;316;2641;0;483;920;3661,484;0;316;2641;0;483;920;3661;138;-1158;38;669;-75;0;-440;4;77;26
139,0,0,1,-367,-435;-1692;-129;2195;-807;-220;-977;-439,25;42;91;6,425;19;222;-43;117;-106;-175;288,-199;132;14;-160;168;-117;-400;-359,214;394;599;65;-635;402;-82;314,-479;-296;-256;67;15;-626;93;-417,1792;853;838;0;0;4664;0;3586,1792;853;838;0;0;4664;0;3586;734;-1008;-36;2062;106;-110;-2803;-165;112;-375
140,0,0,1,-731,-3146;815;411;353;1839;1832;1413;1700,60;5;3;74,-150;308;107;-260;124;8;-554;194,-15;-178;52;124;379;54;-281;-117,-152;-233;156;304;-254;-424;-521;-5,191;104;195;-62;235;131;-75;-19,1389;0;0;2785;0;2264;953;3133,1389;0;0;2785;0;2264;953;3133;-407;-92;49;-408;69;57;126;53;49;-57
141,1,1,1,1606,-2037;-1683;3417;2317;3346;-1088;178;-3534,63;68;93;8,-258;258;-70;-108;272;162;195;101,244;413;334;-203;-133;42;-133;91,-9;188;-185;54;-215;-77;192;-33,-415;138;383;257;-274;-546;-33;-113,3010;2782;1982;0;0;4611;3300;443,3010;2782;1982;0;0;4611;3300;443;604;1143;-2;192;10;0;-1359;-45;19;35
142,0,0,1,-794,1344;-854;447;-2072;-2128;535;-60;2535,51;0;77;57,-84;-10;125;161;-17;105;76;-144,146;103;62;-7;-9;-164;166;-80,295;-213;204;91;-118;94;61;449,313;17;246;241;-355;356;-36;203,901;0;781;712;0;3518;201;1732,901;0;781;712;0;3518;201;1732;133;-248;0;786;-15;-3;1095;27;-8;159
143,0,1,0,249,-3733;-1007;2145;-153;4492;1603;-360;-241,55;2;62;10,-228;270;342;22;-301;51;453;427,67;-143;-35;-386;-386;130;88;-55,-134;-542;310;-244;-101;65;-160;-166,-5;-314;-62;-113;231;-397;-347;-542,1996;0;0;400;0;3713;785;5174,1996;0;0;400;0;3713;785;5174;1127;120;32;-541;-61;95;-2249;-286;-25;135
144,1,1,1,2174,1887;2583;-743;2269;-281;-1066;-1446;892,35;72;37;31,-158;169;120;53;-711;-104;239;789,-260;317;-354;-797;-105;31;376;-255,175;16;-143;-117;-209;-42;-168;-55,-144;176;220;246;-150;59;-161;119,5081;5538;2502;0;0;3758;8685;0,5081;5538;2502;0;0;3758;8685;0;1034;1431;-15;-487;10;37;-187;121;-124;-16
145,1,1,1,1008,3784;-577;319;-1667;-2251;-2329;842;2870,61;13;0;58,231;-180;434;397;649;258;13;135,-85;-372;267;19;259;1;-374;-301,-123;163;-19;454;-201;263;-148;278,235;-23;11;73;-312;-361;92;-28,2124;1644;1948;0;0;4250;3806;0,2124;1644;1948;0;0;4250;3806;0;1067;-826;143;256;43;-62;-342;-101;-56;-26
146,1,1,1,761,-833;565;3276;-1739;-4033;560;724;1186,4;2;11;29,-205;-396;-374;71;-376;-272;247;68,67;-143;-35;-386;-386;130;88;-55,-52;-61;49;-266;-291;-279;-7;544,-359;-269;19;214;-212;-268;-188;24,1916;1085;0;612;0;5017;2580;428,1916;1085;0;612;0;5017;2580;428;-721;289;76;-739;107;74;-1303;145;-19;63
147,0,0,1,-1612,-2190;-775;-378;759;-1772;-402;-2482;2805,52;62;24;112,216;306;368;133;191;349;285;187,736;285;328;212;-133;67;211;116,-203;-199;224;14;-221;-167;-95;-25,89;550;348;190;-150;213;306;283,596;0;0;3530;0;5151;0;5123,596;0;0;3530;0;5151;0;5123;1638;1038;232;-518;-75;-66;1597;257;248;-42
148,0,0,1,-2617,-1557;2854;-2933;-4847;3128;-303;1801;1530,34;57;59;84,77;-271;393;-135;-157;-130;188;263,-331;5;324;-22;-52;-208;-177;56,-479;-32;28;188;6;-202;112;37,-25;-197;-59;-227;102;123;-214;241,448;0;0;9942;0;244;0;11917,448;0;0;9942;0;244;0;11917;876;122;59;999;7;91;310;24;7;-32
149,0,0,1,-1913,-3242;111;862;-2645;1222;1798;799;4195,10;30;78;81,142;-109;-34;431;18;144;-80;152,64;623;-160;-338;-42;436;-259;-115,173;-92;341;-16;-122;347;293;40,-470;-131;148;-66;-352;20;-353;70,0;0;0;5176;0;3342;0;5648,0;0;0;5176;0;3342;0;5648;1743;-460;-65;636;23;-10;59;-25;-3;-33
150,1,0,0,-678,63;-2697;1686;1530;-1981;-261;-965;1604,3;58;38;37,-341;309;108;222;235;272;10;-414,8;91;-444;44;-282;-43;-131;-254,91;11;130;293;117;285;-79;336,-229;-11;-151;320;213;134;-163;141,2677;992;1711;0;0;6132;0;3477,2677;992;1711;0;0;6132;0;3477;-94;-876;6;1657;8;-80;210;76;-1;86
151,1,1,1,333,1399;1450;-2355;887;2396;3002;2743;198,18;21;44;93,145;21;194;-74;26;184;312;174,-315;-5;-270;-363;313;-71;-144;-521,131;-204;432;-106;168;123;322;232,-603;-446;-292;191;582;-193;-66;79,5011;0;1883;156;0;0;1549;4030,5011;0;1883;156;0;0;1549;4030;1106;-2181;-103;1410;134;-118;-1624;-95;179;-31
152,1,1,1,120,1044;1750;-415;-1754;102;-440;1212;1103,33;61;57;97,-256;23;-193;149;-93;-20;-347;-179,163;-76;355;218;-159;-108;306;-170,-90;114;404;-138;184;0;302;-68,214;-69;89;127;45;109;-386;86,1334;240;718;2369;0;506;1737;1927,1334;240;718;2369;0;506;1737;1927;-527;547;-68;129;-89;80;90;28;-26;-60
153,0,1,0,175,-2767;1025;124;1706;-2158;-97;2017;621,12;70;1;45,-255;-85;170;-38;-246;-265;-22;119,-193;229;-320;-346;-54;-217;-112;-237,-186;-263;-201;69;-37;87;-185;241,290;114;-203;-278;1;-264;-26;179,1726;1983;0;1967;0;3375;4909;431,1726;1983;0;1967;0;3375;4909;431;-798;-949;16;-594;25;-18;-372;-8;73;-18
154,1,1,1,3481,-4;3828;2881;2411;-457;-3445;-1503;2481,17;60;4;84,268;120;-95;341;0;354;168;82,339;65;-108;11;-147;191;140;-183,-62;-57;-548;239;-124;112;-273;311,-25;-197;-59;-227;102;123;-214;241,6470;8460;3079;0;0;6208;11697;0,6470;8460;3079;0;0;6208;11697;0;3232;2556;92;-2475;63;-9;-1831;-37;-41;61
155,1,1,1,1111,1075;-952;3005;-658;-1468;1020;-2117;-1920,36;14;73;127,-87;299;308;-2;173;86;29;-82,52;-217;-30;-422;-342;-40;-407;-240,-85;-159;175;155;128;-183;324;54,-247;-175;-14;245;-57;-23;-111;423,2737;1401;2490;0;395;6424;184;674,2737;1401;2490;0;395;6424;184;674;741;-422;-65;-512;12;-108;-421;-42;-56;33
156,1,1,1,2061,385;3238;2874;1205;2130;3824;-319;2825,17;9;2;46,268;120;-95;341;0;354;168;82,-94;-34;-261;-443;-36;-494;-61;-221,170;38;61;6;-64;290;-154;256,137;-90;-285;-253;-125;135;-242;-13,8162;5030;1839;0;0;1833;8450;0,8162;5030;1839;0;0;1833;8450;0;2287;-1386;-175;450;70;-109;-809;-13;64;40
157,0,0,1,-3336,1236;-3551;-1291;-1766;-2829;1972;-2727;-1117,51;68;23;34,-84;-10;125;161;-17;105;76;-144,244;413;334;-203;-133;42;-133;91,19;42;-34;36;74;692;111;495,101;102;40;512;75;87;-130;209,0;0;1957;1062;0;8285;0;9147,0;0;1957;1062;0;8285;0;9147;-15;790;-16;4996;4;26;1589;22;3;87
158,1,1,1,538,11;1065;-332;126;2514;-3276;-108;-3858,36;16;88;37,-87;299;308;-2;173;86;29;-82,289;35;-12;-217;177;-241;-48;-268,-246;-437;-204;108;128;33;134;206,-229;-11;-151;320;213;134;-163;141,2010;1631;2331;2158;0;564;3959;3991,2010;1631;2331;2158;0;564;3959;3991;421;-612;6;-38;-78;-75;-72;1;-78;81
159,0,0,1,-714,946;-3238;1840;-1345;-2478;-1844;-443;1027,28;0;26;30,-365;-332;268;232;-169;-383;-529;-69,146;103;62;-7;-9;-164;166;-80,-155;82;385;301;306;-137;-217;-8,80;-713;-301;-173;-587;-391;78;440,765;0;1247;0;0;6467;0;4078,765;0;1247;0;0;6467;0;4078;-1320;-585;-44;-272;156;-4;-512;129;-16;-188
160,0,0,1,-434,-361;-380;-447;-448;2550;-4565;-1538;3070,47;51;33;51,-55;115;-60;-225;46;-185;188;167,114;102;310;54;128;447;281;308,-169;-150;197;96;-171;-186;17;134,6;-216;-59;-380;362;91;248;-72,0;673;0;2041;0;1664;0;1788,0;673;0;2041;0;1664;0;1788;-191;719;1;12;5;-13;-439;48;36;-49
161,1,1,1,1022,-2656;2584;2772;473;1164;1321;-2679;-1739,46;46;38;98,119;294;401;-143;126;110;-342;-134,99;5;185;-447;556;242;8;-381,91;11;130;293;117;285;-79;336,59;353;368;333;-240;413;305;27,5210;2583;0;0;0;3784;5338;574,5210;2583;0;0;0;3784;5338;574;-52;619;145;660;26;-45;2161;58;-56;112
162,0,0,1,-497,-352;42;603;-1722;2643;1211;-460;76,50;79;88;125,-1;315;-352;-376;277;-56;-156;-178,61;276;320;-408;161;164;113;285,-246;-437;-204;108;128;33;134;206,169;238;104;224;-336;304;120;-27,805;0;291;0;0;1423;528;2796,805;0;291;0;0;1423;528;2796;-373;602;46;213;-64;-71;287;-83;10;-81
163,1,1,1,1143,2668;1130;1047;-1995;-1091;-3307;-226;2275,59;74;76;101,137;-202;158;-201;408;249;40;15,344;579;-125;-149;-53;37;-129;-103,-554;-278;-170;21;-61;146;-292;-326,223;282;514;520;-67;69;95;264,2127;2173;1388;0;0;3701;4325;0,2127;2173;1388;0;0;3701;4325;0;569;681;-38;-1338;-27;-124;1204;-25;32;-185
164,1,1,1,1612,442;1865;3697;-2250;-1163;2084;-3051;-1890,62;27;9;103,-158;-79;257;291;-107;143;333;-200,268;448;422;-230;-76;-95;-172;-171,288;299;32;195;-166;372;211;485,-436;-427;49;-298;127;96;-465;-201,4140;2348;1739;0;0;4804;3694;0,4140;2348;1739;0;0;4804;3694;0;744;881;-32;2205;20;18;-1943;-42;-60;-240
165,0,1,0,306,3256;1815;-1395;-3618;-1486;-2752;-1662;980,58;44;13;105,0;-286;-212;-83;-5;41;-200;-135,354;139;25;-213;300;131;-42;-94,-598;-397;-459;-123;-188;-361;-203;505,-51;-147;103;-32;-365;472;76;-393,1810;452;2563;3403;0;1590;2446;3331,1810;452;2563;3403;0;1590;2446;3331;-893;-80;-1;-1096;88;-193;-184;40;-21;-132
166,1,1,1,275,1203;-66;1574;-1729;-1457;2875;849;-1965,42;13;4;74,70;111;191;-314;665;201;-69;-241,-85;-372;267;19;259;1;-374;-301,-62;-57;-548;239;-124;112;-273;311,191;104;195;-62;235;131;-75;-19,1913;776;1203;0;0;1439;418;1347,1913;776;1203;0;0;1439;418;1347;188;-337;131;-174;-150;-68;397;134;44;-68
167,0,0,1,-1620,653;3140;-131;-6225;-3847;371;-2986;1898,5;0;86;17,76;191;-92;281;-300;-85;420;-167,146;103;62;-7;-9;-164;166;-80,-198;-234;-161;165;160;305;161;295,-15;-138;-171;224;-3;108;81;39,1774;0;722;4575;0;3221;2698;5513,1774;0;722;4575;0;3221;2698;5513;631;-122;60;1626;-26;-55;809;34;-18;77
168,1,1,1,1836,-184;2157;1137;4014;-844;-3836;-3758;421,53;56;81;121,599;-80;222;391;-541;-197;512;-13,-366;-553;-251;-253;178;5;134;-170,-341;-371;56;176;108;-26;-455;199,44;725;98;339;152;614;212;203,6427;7422;2104;0;0;8229;9893;0,6427;7422;2104;0;0;8229;9893;0;3500;-2743;-174;-4659;-187;96;6357;12;-246;-134
169,1,1,1,1417,146;1817;-36;2633;-1195;724;-301;1590,33;76;78;18,-256;23;-193;149;-93;-20;-347;-179,-319;-43;337;293;172;355;104;122,173;-92;341;-16;-122;347;293;40,428;-354;-97;253;408;-24;-42;-35,4931;5469;1749;0;0;2563;7203;0,4931;5469;1749;0;0;2563;7203;0;-1965;215;-11;1927;-107;96;-175;-38;-13;-1
170,0,0,1,-877,1033;-607;-467;-2538;853;-306;-273;4715,31;56;20;4,-115;101;1;86;297;420;198;-150,-366;-553;-251;-253;178;5;134;-170,-256;297;307;90;190;-339;71;-181,113;-189;-87;66;212;-90;223;-52,246;0;0;2918;0;1313;0;2362,246;0;0;2918;0;1313;0;2362;205;-597;35;-329;11;-48;-10;25;70;-5
171,1,1,1,1126,3255;779;615;1037;1620;2115;-370;-771,39;56;36;50,-157;-108;241;66;-315;198;329;105,-366;-553;-251;-253;178;5;134;-170,574;249;380;168;188;259;-202;604,-316;-66;359;-310;-63;169;33;-276,5203;2921;2976;0;0;2342;3472;0,5203;2921;2976;0;0;2342;3472;0;581;-1850;5;2319;-12;-284;-126;77;89;-124
172,1,0,0,-304,-102;-353;1745;-1290;-192;-225;-1040;-1097,55;33;14;97,-228;270;342;22;-301;51;453;427,120;390;97;81;158;12;507;89,61;230;-54;6;-210;466;-56;562,214;-69;89;127;45;109;-386;86,634;37;792;0;0;3714;434;1105,634;37;792;0;0;3714;434;1105;485;259;163;1139;162;42;262;-88;-79;51
173,1,1,1,811,2603;1465;666;-891;1197;-2946;-244;-2627,42;7;48;112,70;111;191;-314;665;201;-69;-241,264;-330;-383;-550;125;17;-31;-431,-399;9;221;-187;-13;-3;-452;-104,89;550;348;190;-150;213;306;283,2758;2345;2752;0;0;2804;4952;1363,2758;2345;2752;0;0;2804;4952;1363;426;-876;134;-1396;59;-16;2437;-35;-265;-76
174,0,0,1,-3126,-401;-1654;-1580;-1636;-4887;2466;-2736;-1618,8;61;83;110,-78;-108;372;218;-299;375;175;371,163;-76;355;218;-159;-108;306;-170,-11;-76;-63;262;-270;-145;-272;366,-248;-379;40;141;-93;222;-233;-255,424;0;787;3912;0;7173;0;10311,424;0;787;3912;0;7173;0;10311;3724;-648;84;1809;77;-24;-273;40;-2;14
175,1,1,1,606,1392;-1024;908;-618;-2680;-2650;2017;-951,55;56;27;111,-228;270;342;22;-301;51;453;427,-366;-553;-251;-253;178;5;134;-170,-55;-204;55;-87;78;247;-498;91,-30;-98;-250;-95;-327;-100;-87;-174,1163;1841;1464;108;0;3668;2443;930,1163;1841;1464;108;0;3668;2443;930;1184;-806;-109;-290;-109;36;-651;-62;54;-3
176,0,0,1,-1313,-678;214;-240;-1871;2179;-156;-1845;-2414,30;60;86;53,469;287;9;138;-404;311;189;-104,339;65;-108;11;-147;191;140;-183,-198;-234;-161;165;160;305;161;295,21;-787;-276;-132;-233;-264;-116;20,653;0;1422;2920;0;771;1088;6188,653;0;1422;2920;0;771;1088;6188;256;-358;167;1152;-53;-29;-474;-121;-25;35
177,1,1,1,839,3986;112;546;-1049;1109;-66;3040;-289,40;62;37;95,192;255;83;40;350;250;123;-94,736;285;328;212;-133;67;211;116,175;16;-143;-117;-209;-42;-168;-55,31;-97;-108;-41;275;-216;108;-266,1745;1072;1669;0;0;1556;1134;1194,1745;1072;1669;0;0;1556;1134;1194;568;1279;115;-116;-38;22;-372;25;-53;-14
178,1,1,1,3829,521;5427;469;3454;1770;-633;193;-1124,7;77;62;93,184;406;108;402;189;-21;291;542,-183;232;-296;79;146;10;-229;-293,-134;-542;310;-244;-101;65;-160;-166,-603;-446;-292;191;582;-193;-66;79,8522;9311;2486;0;0;2293;12814;0,8522;9311;2486;0;0;2293;12814;0;4540;-1488;-67;-3574;-228;-69;-5520;-53;90;54
179,1,1,1,2376,1146;1561;1082;4616;-626;-2160;-2552;-2663,33;17;77;14,-256;23;-193;149;-93;-20;-347;-179,213;-208;9;170;-63;318;322;-122,295;-213;204;91;-118;94;61;449,104;-13;291;321;204;348;272;-187,6896;7576;2290;0;0;7185;9832;0,6896;7576;2290;0;0;7185;9832;0;-2729;2619;-62;1056;-97;62;3154;-60;142;31
180,0,0,1,-249,-724;-1255;711;-1499;-2270;5602;1872;1893,0;3;86;6,207;-98;-154;-232;311;-71;95;24,-55;305;309;-27;23;21;-43;306,-198;-234;-161;165;160;305;161;295,-479;-296;-256;67;15;-626;93;-417,2412;0;0;2049;0;3096;0;4834,2412;0;0;2049;0;3096;0;4834;-39;662;-36;1089;9;-10;-2428;1;-141;-39
181,0,0,1,-657,650;-1108;-1309;1295;1158;-3535;1449;-805,57;63;4;103,60;-51;-75;241;-210;170;-239;-23,-311;-34;188;75;-80;-203;118;-368,-62;-57;-548;239;-124;112;-273;311,-436;-427;49;-298;127;96;-465;-201,207;1283;648;2881;0;1195;274;2435,207;1283;648;2881;0;1195;274;2435;329;-428;-25;519;98;-109;-960;12;62;6
182,1,1,1,263,1311;-644;-491;1668;3279;-31;1780;-2776,62;68;9;40,-158;-79;257;291;-107;143;333;-200,244;413;334;-203;-133;42;-133;91,288;299;32;195;-166;372;211;485,268;39;-104;-113;133;210;-294;-145,2775;410;2172;0;0;1327;554;3098,2775;410;2172;0;0;1327;554;3098;-77;896;-42;1516;20;107;98;-77;42;-6
183,0,0,1,-1911,-108;-1246;-2187;-2604;-597;-48;2817;-836,62;75;33;105,-158;-79;257;291;-107;143;333;-200,367;131;293;-180;-365;-96;127;69,-169;-150;197;96;-171;-186;17;134,-51;-147;103;-32;-365;472;76;-393,0;0;265;8270;0;434;0;8468,0;0;265;8270;0;434;0;8468;412;-424;4;928;43;25;-1641;121;33;-14
184,0,0,1,-1469,-3531;-547;-1706;3148;-1084;-1991;-467;-970,20;5;46;52,-39;577;198;-84;-223;269;392;-107,-15;-178;52;124;379;54;-281;-117,64;92;-277;308;12;-241;-128;47,395;54;-152;-316;-182;181;-159;-99,120;1588;0;3854;0;4612;121;4532,120;1588;0;3854;0;4612;121;4532;679;-59;-132;208;-75;14;-351;24;-32;-27
185,1,0,0,-695,876;-2155;-195;711;-1193;-401;-3368;667,31;5;76;115,-115;101;1;86;297;420;198;-150,-15;-178;52;124;379;54;-281;-117,-554;-278;-170;21;-61;146;-292;-326,-247;-14;198;314;95;169;452;29,1303;0;906;0;0;6271;0;4511,1303;0;906;0;0;6271;0;4511;883;-79;45;-699;35;76;512;116;-15;-4
186,0,0,1,-1466,1195;-1082;-3762;-766;3405;2661;3181;2225,37;1;12;98,254;-38;-279;-197;171;-85;39;112,-117;523;284;-83;-329;88;-718;-28,-107;-665;-130;-147;-426;354;-130;125,59;353;368;333;-240;413;305;27,1626;0;1116;3829;0;1352;0;7008,1626;0;1116;3829;0;1352;0;7008;8;-131;-101;231;-15;-48;1235;-111;73;-61
187,1,1,1,391,3780;-1763;1783;-1397;391;-137;-4211;-1011,34;33;43;25,77;-271;393;-135;-157;-130;188;263,120;390;97;81;158;12;507;89,70;-304;544;135;116;367;414;583,-115;-459;-73;70;64;232;-56;-48,2702;383;3265;0;1830;7871;111;1158,2702;383;3265;0;1830;7871;111;1158;196;651;11;2769;219;116;565;7;-104;70
188,0,0,1,-1611,901;-1062;-1680;95;740;254;-1754;1320,2;16;28;124,203;32;-68;32;293;314;-326;-187,289;35;-12;-217;177;-241;-48;-268,-14;-99;-80;98;-326;255;57;372,-20;67;136;154;-95;368;-401;329,478;0;319;1862;0;2439;0;3909,478;0;319;1862;0;2439;0;3909;83;-930;47;1087;-49;-122;1223;74;-104;108
189,0,0,1,-744,-1144;-2942;-589;3064;-5171;-2791;-2778;-453,48;12;57;119,530;132;0;344;-110;408;-75;649,173;267;-221;-237;-83;-299;444;36,-90;114;404;-138;184;0;302;-68,-302;-344;97;270;-216;133;-400;-395,2653;1453;803;468;0;10609;0;6985,2653;1453;803;468;0;10609;0;6985;5186;-1153;-38;-141;-82;36;-1194;-127;-216;-70
190,1,0,0,-584,1990;3031;-2737;-1986;3571;-1842;1281;1003,20;23;47;76,-39;577;198;-84;-223;269;392;-107,33;42;-240;-332;-304;-230;310;131,-401;-311;-41;-24;-242;-2;214;181,-41;7;-158;-287;-119;22;7;57,2397;0;2157;4955;0;0;454;7065,2397;0;2157;4955;0;0;454;7065;-323;-497;57;101;-25;76;-711;13;84;33
191,1,1,1,1011,1814;2363;2421;-4740;2051;-3874;-369;-555,38;51;48;99,-185;184;-60;177;377;495;383;-251,114;102;310;54;128;447;281;308,-399;9;221;-187;-13;-3;-452;-104,-1;-22;-168;-89;430;103;227;136,1880;1308;2284;613;0;2250;3175;1603,1880;1308;2284;613;0;2250;3175;1603;875;1699;141;-955;-61;-72;343;125;72;-70
192,0,0,1,-922,-472;2285;-1755;-2912;-948;-1940;-1441;-1612,42;53;21;56,70;111;191;-314;665;201;-69;-241,5;423;1;163;-93;54;110;183,-203;216;3;76;-82;114;-276;-50,-109;560;230;-155;-472;194;18;31,652;0;1708;7740;0;0;1818;7955,652;0;1708;7740;0;0;1818;7955;-2002;1427;-52;-214;-7;38;-292;-67;133;91
193,0,0,1,-2641,-1069;-20;-5381;1648;556;-1190;933;-570,57;54;21;72,60;-51;-75;241;-210;170;-239;-23,15;-102;-418;-279;41;-52;392;-411,-203;216;3;76;-82;114;-276;-50,263;20;72;590;-220;-42;17;-371,25;0;1473;8951;0;438;0;9147,25;0;1473;8951;0;438;0;9147;934;-3367;-64;133;48;-71;968;95;-20;11
194,1,1,1,2727,-70;3833;690;1799;777;-4333;184;-1427,48;48;10;37,530;132;0;344;-110;408;-75;649,-175;475;143;58;-204;688;57;232,-487;-383;58;-605;-107;-311;-274;-311,-229;-11;-151;320;213;134;-163;141,4074;5797;2254;0;0;3803;9320;0,4074;5797;2254;0;0;3803;9320;0;1844;2691;215;-3813;-397;-197;-1146;60;51;-73
195,1,1,1,2331,1687;1035;5238;1024;1428;386;-823;-2091,40;56;46;96,192;255;83;40;350;250;123;-94,-366;-553;-251;-253;178;5;134;-170,64;92;-277;308;12;-241;-128;47,-352;57;84;-384;243;98;-432;41,5779;6283;3419;0;0;5701;6991;0,5779;6283;3419;0;0;5701;6991;0;2578;-2677;-71;-1107;-25;-52;-1880;-4;74;-60
196,1,1,1,657,3114;-2089;704;1283;558;1207;2655;-3488,31;58;80;75,-115;101;1;86;297;420;198;-150,8;91;-444;44;-282;-43;-131;-254,-76;-206;-204;-345;238;47;-414;-96,-422;134;-73;-41;-33;-140;32;-202,2482;934;3392;0;0;2996;0;2808,2482;934;3392;0;0;2996;0;2808;317;-1095;-38;-587;-9;32;-1053;13;50;12
197,1,0,0,-710,527;-2848;638;876;1042;-557;-1422;-1846,53;62;62;109,599;-80;222;391;-541;-197;512;-13,736;285;328;212;-133;67;211;116,-134;-542;310;-244;-101;65;-160;-166,-40;20;216;227;-213;421;-256;549,1093;0;1729;0;0;5262;0;4202,1093;0;1729;0;0;5262;0;4202;-26;1080;361;17;-50;-116;2369;3;79;2
198,0,0,1,-1787,377;-2448;-1865;1754;-568;2384;-2306;1291,57;39;0;67,60;-51;-75;241;-210;170;-239;-23,86;-119;86;-35;221;371;258;-203,-123;163;-19;454;-201;263;-148;278,-112;102;-57;-165;180;71;-140;93,2249;0;903;2174;0;5273;0;6669,2249;0;903;2174;0;5273;0;6669;651;389;-21;1921;103;-43;162;-20;-5;-7
199,0,0,1,-2581,-2623;-1067;1456;-4321;70;1413;3703;-2274,44;21;76;9,-63;419;186;-108;-298;-279;57;67,-315;-5;-270;-363;313;-71;-144;-521,-554;-278;-170;21;-61;146;-292;-326,274;-25;387;439;339;28;23;253,0;0;0;6676;0;2667;0;7530,0;0;0;6676;0;2667;0;7530;-469;-3191;-54;-940;-86;194;2398;-46;-186;-150
200,0,0,1,-1249,1137;-1283;-1491;-554;-3640;-3096;-465;2351,18;5;14;67,145;21;194;-74;26;184;312;174,-15;-178;52;124;379;54;-281;-117,61;230;-54;6;-210;466;-56;562,-112;102;-57;-165;180;71;-140;93,1282;1054;1262;1646;0;5627;1538;3365,1282;1054;1262;1646;0;5627;1538;3365;1187;-224;-46;2290;80;-72;57;-11;30;36
201,0,0,1,-2069,-4667;609;-1966;166;3922;-751;-3514;398,44;11;20;119,-63;419;186;-108;-298;-279;57;67,-363;439;-204;-77;-238;-78;146;-190,-256;297;307;90;190;-339;71;-181,-302;-344;97;270;-216;133;-400;-395,588;0;0;4096;0;4161;0;8876,588;0;0;4096;0;4161;0;8876;-511;-1240;130;-1367;106;88;-988;-77;-12;-7
202,1,1,1,981,836;1700;-960;765;-918;-2536;1374;1405,2;13;86;30,203;32;-68;32;293;314;-326;-187,-85;-372;267;19;259;1;-374;-301,-198;-234;-161;165;160;305;161;295,80;-713;-301;-173;-587;-391;78;440,2211;3153;1748;1191;0;2657;5547;0,2211;3153;1748;1191;0;2657;5547;0;-247;-1437;101;216;2;-21;-1665;-192;-68;49
203,1,1,1,16,-1828;3089;-1405;22;2760;-2084;-289;2038,40;24;89;125,192;255;83;40;350;250;123;-94,97;66;10;-297;-372;230;92;50,-23;-151;-285;257;-201;138;-71;-167,169;238;104;224;-336;304;120;-27,1772;0;898;1543;0;1930;3180;2947,1772;0;898;1543;0;1930;3180;2947;524;296;-20;-172;-42;0;795;42;84;46
204,1,1,1,387,-2253;1103;2362;776;-2363;-1482;1193;-20,2;70;34;40,203;32;-68;32;293;314;-326;-187,-193;229;-320;-346;-54;-217;-112;-237,-136;-380;-280;95;330;-165;-111;-149,268;39;-104;-113;133;210;-294;-145,1571;2449;0;867;0;4047;4308;0,1571;2449;0;867;0;4047;4308;0;142;-685;-12;-1078;45;30;1;140;22;15
205,0,0,1,-2487,-859;-1555;-2157;-1382;-3489;345;33;2413,56;2;47;27,34;298;82;-302;237;-221;137;-11,67;-143;-35;-386;-386;130;88;-55,-401;-311;-41;-24;-242;-2;214;181,-92;-557;81;235;420;-71;-354;2,0;0;0;5579;0;5036;0;7495,0;0;0;5579;0;5036;0;7495;-1406;-933;-17;592;-64;64;473;-81;-109;12
206,0,0,1,-1069,-3172;533;-852;58;864;334;-753;-3707,17;59;20;103,268;120;-95;341;0;354;168;82,388;159;-49;-157;-246;14;-111;-84,-256;297;307;90;190;-339;71;-181,-436;-427;49;-298;127;96;-465;-201,889;0;0;5928;0;1215;979;7964,889;0;0;5928;0;1215;979;7964;1713;-657;26;-722;-75;-61;-1999;-164;-75;-16
207,1,1,1,710,-132;878;-202;856;384;968;-2936;-2190,59;43;58;1,137;-202;158;-201;408;249;40;15,71;67;281;361;-48;-171;-380;-191,-1;-283;-203;-304;-95;-207;-355;396,47;-2;-55;418;-346;-113;-35;80,3750;1254;1254;0;0;2620;2072;2845,3750;1254;1254;0;0;2620;2072;2845;604;-525;-55;-373;-6;-42;-18;-125;84;-7
208,0,0,1,-85,-66;-1260;2657;-1532;2320;579;-204;2920,23;7;67;77,45;470;-138;142;24;-22;-111;114,264;-330;-383;-550;125;17;-31;-431,21;334;-149;-242;-48;155;219;79,-536;-139;-179;-552;525;-151;-416;284,1280;353;375;54;0;1738;0;1412,1280;353;375;54;0;1738;0;1412;148;-259;-103;223;61;20;-339;-24;112;-7
209,0,0,1,-458,827;-1440;741;-129;-670;-529;-2537;2493,50;14;15;15,-1;315;-352;-376;277;-56;-156;-178,52;-217;-30;-422;-342;-40;-407;-240,63;570;264;288;65;21;303;437,286;-80;-159;94;214;-44;-155;-164,1628;258;897;163;0;4413;0;2469,1628;258;897;163;0;4413;0;2469;-480;-408;56;833;-63;-245;-137;54;14;-72
210,0,0,1,-208,-930;523;-885;1026;-3114;-1376;-1985;1817,46;28;63;18,119;294;401;-143;126;110;-342;-134,-172;-78;-158;-418;-174;77;-134;-33,26;93;481;150;-223;77;-60;-55,428;-354;-97;253;408;-24;-42;-35,1925;1643;654;1107;0;5713;2901;1854,1925;1643;654;1107;0;5713;2901;1854;100;-506;-5;414;103;-47;66;-29;-99;-58
211,1,0,0,-34,-556;-941;-788;2242;2088;-3257;-375;-245,12;13;5;81,-255;-85;170;-38;-246;-265;-22;119,-85;-372;267;19;259;1;-374;-301,177;-450;-191;-383;182;-184;-59;-84,-470;-131;148;-66;-352;20;-353;70,752;1660;375;145;0;2367;1574;1126,752;1660;375;145;0;2367;1574;1126;-392;-734;3;-666;-14;92;-466;125;72;-39
212,1,1,1,955,2468;-1533;1200;1132;3891;-2625;1621;1029,43;72;46;37,478;152;150;-158;283;-99;-153;-123,-260;317;-354;-797;-105;31;376;-255,64;92;-277;308;12;-241;-128;47,-229;-11;-151;320;213;134;-163;141,2178;1856;1383;0;0;2384;1789;338,2178;1856;1383;0;0;2384;1789;338;478;94;-30;-420;-2;-99;-319;-63;-127;60
213,0,0,1,-813,2284;-2338;-3454;100;-1081;171;340;1885,21;50;17;8,-72;215;174;-314;-71;101;-293;-132,158;131;419;-140;243;371;-78;45,-2;-573;187;55;11;-217;176;-48,-415;138;383;257;-274;-546;-33;-113,675;403;1462;3553;0;3699;0;5735,675;403;1462;3553;0;3699;0;5735;-589;930;83;-411;-86;-48;-693;17;-95;60
214,1,1,1,998,654;1930;3017;-2006;-1049;1306;2449;-1553,18;34;53;28,145;21;194;-74;26;184;312;174,153;570;-36;43;102;215;164;14,-205;123;334;95;-15;180;-110;-153,-316;127;-136;-170;164;-91;204;43,2531;2108;55;0;0;1457;3596;0,2531;2108;55;0;0;1457;3596;0;885;1216;58;-183;1;23;30;1;26;-14
215,0,0,1,-1674,395;-3158;-2373;-2368;522;489;2403;173,28;0;67;61,-365;-332;268;232;-169;-383;-529;-69,146;103;62;-7;-9;-164;166;-80,21;334;-149;-242;-48;155;219;79,-280;-157;-177;-94;386;-265;60;-336,0;0;112;6130;0;1569;0;8557,0;0;112;6130;0;1569;0;8557;127;-477;-44;-284;-189;17;-1898;55;5;-40
216,0,0,1,-1251,-1541;-1206;943;-764;-1434;256;2081;60,14;58;18;82,-8;-361;351;-25;384;-45;-134;-61,8;91;-444;44;-282;-43;-131;-254,-133;-158;6;303;-414;-13;216;-60,2;1;-18;-363;281;-271;-667;-151,0;0;0;2838;0;2587;0;4113,0;0;0;2838;0;2587;0;4113;-214;-503;-128;283;-64;49;-1149;108;25;-175
217,0,0,1,-3539,-2628;-1956;-3153;-1797;-2091;2482;1633;238,31;20;22;43,-115;101;1;86;297;420;198;-150,436;373;17;65;85;175;477;-102,137;-400;162;169;73;67;355;218,118;249;-2;-66;7;165;62;255,0;0;0;8771;0;4406;0;12478,0;0;0;8771;0;4406;0;12478;358;33;98;2196;22;44;1626;25;84;-3
218,0,0,1,-1954,-1481;-2039;1653;-2557;-992;-130;2132;169,56;35;31;30,34;298;82;-302;237;-221;137;-11,-351;98;342;-296;390;145;-331;-116,-232;-123;-168;449;-331;447;241;141,80;-713;-301;-173;-587;-391;78;440,0;0;0;3486;0;3328;0;4974,0;0;0;3486;0;3328;0;4974;-900;-550;74;1833;-166;-137;139;-112;-250;70
219,0,0,1,-3014,-2661;-2615;-1480;1455;693;728;-896;-346,30;9;68;117,469;287;9;138;-404;311;189;-104,-94;-34;-261;-443;-36;-494;-61;-221,286;70;-281;140;70;-48;-195;140,-525;-489;-355;26;-148;-163;-367;254,0;0;0;4188;0;4576;0;8502,0;0;0;4188;0;4576;0;8502;545;-2927;-120;760;37;-8;743;-231;97;12
220,0,0,1,-1294,-1902;-1294;1662;-2789;-1115;353;-1199;3959,63;48;93;63,-258;258;-70;-108;272;162;195;101,-175;475;143;58;-204;688;57;232,-9;188;-185;54;-215;-77;192;-33,268;272;167;-333;163;315;-170;268,0;0;0;4025;0;4467;0;5470,0;0;0;4025;0;4467;0;5470;411;2234;118;-150;10;30;748;56;158;-49
221,0,0,1,-3125,-5052;-3392;-1559;1308;-958;-463;1549;730,49;12;61;43,-278;-149;133;-207;-266;89;-228;57,173;267;-221;-237;-83;-299;444;36,-215;-112;254;-190;159;-371;-149;-68,118;249;-2;-66;7;165;62;255,0;0;0;7353;0;6190;0;11475,0;0;0;7353;0;6190;0;11475;-155;-1553;-84;-2185;51;-24;1691;-21;44;-62
222,1,0,0,-38,1422;-271;-1775;1267;5084;1847;1755;546,5;31;88;121,76;191;-92;281;-300;-85;420;-167,277;-283;-327;-103;67;-396;22;64,-246;-437;-204;108;128;33;134;206,44;725;98;339;152;614;212;203,3804;0;2060;0;0;2429;0;4342,3804;0;2060;0;0;2429;0;4342;-406;-148;-10;-186;-35;60;1339;91;-232;-98
223,0,0,1,-1288,-1180;-1222;-980;1541;615;-2466;-2953;139,4;19;2;104,-205;-396;-374;71;-376;-272;247;68,-50;165;175;-40;-28;77;-11;211,170;38;61;6;-64;290;-154;256,-208;-358;-80;-182;-192;-79;-236;-129,120;339;0;1621;0;4149;0;4027,120;339;0;1621;0;4149;0;4027;-439;564;-60;1112;-72;43;-629;111;-39;-30
224,1,1,1,944,-1884;-323;1747;1702;1517;1990;1604;-2639,53;32;40;43,599;-80;222;391;-541;-197;512;-13,205;421;296;246;110;-105;49;-380,-297;-116;-88;54;-108;94;-40;-122,118;249;-2;-66;7;165;62;255,3273;1483;854;0;0;1985;2053;699,3273;1483;854;0;0;1985;2053;699;1310;574;118;-586;-71;-49;677;8;1;-42
225,0,0,1,-3169,-2435;-725;-2294;-4954;-15;1221;-424;-110,43;50;12;16,478;152;150;-158;283;-99;-153;-123,158;131;419;-140;243;371;-78;45,-107;-665;-130;-147;-426;354;-130;125,-213;319;-305;227;119;-356;86;-9,0;0;0;10970;0;2844;0;13737,0;0;0;10970;0;2844;0;13737;-1809;67;107;543;-146;-46;661;-38;-128;-182
226,0,0,1,-12,1809;1720;-2221;-378;-1157;2130;-919;-2604,10;28;14;60,142;-109;-34;431;18;144;-80;152,-172;-78;-158;-418;-174;77;-134;-33,61;230;-54;6;-210;466;-56;562,134;0;209;-242;-220;141;-530;92,3849;580;1864;2918;0;0;2479;4832,3849;580;1864;2918;0;0;2479;4832;1081;-1325;-86;1397;69;19;-327;-10;79;92
227,1,1,1,3171,715;3403;3906;1734;-751;-1843;1373;1386,53;22;58;74,599;-80;222;391;-541;-197;512;-13,35;-93;177;-133;-71;102;394;-335,-1;-283;-203;-304;-95;-207;-355;396,191;104;195;-62;235;131;-75;-19,6256;8056;2355;0;0;4883;10871;0,6256;8056;2355;0;0;4883;10871;0;4018;2279;117;-3728;-116;-125;1131;-32;6;-39
228,0,0,1,-3389,-390;-123;-4991;-3519;-163;2492;-2552;3163,18;13;32;53,145;21;194;-74;26;184;312;174,-85;-372;267;19;259;1;-374;-301,-50;-350;17;275;11;404;-48;6,21;-787;-276;-132;-233;-264;-116;20,0;0;0;9213;0;2623;0;12659,0;0;0;9213;0;2623;0;12659;978;-1774;-64;1792;14;80;-808;-71;94;63
229,1,1,1,126,1235;1256;-3085;2222;-908;-2211;1363;-5803,44;79;20;101,-63;419;186;-108;-298;-279;57;67,61;276;320;-408;161;164;113;285,-256;297;307;90;190;-339;71;-181,223;282;514;520;-67;69;95;264,3299;3422;2706;6127;0;0;4096;6450,3299;3422;2706;6127;0;0;4096;6450;846;885;72;331;106;29;4087;82;64;75
230,0,0,1,-311,-2397;134;1343;6;-60;-2895;-468;3207,50;56;3;122,-1;315;-352;-376;277;-56;-156;-178,-366;-553;-251;-253;178;5;134;-170,-152;-233;156;304;-254;-424;-521;-5,248;27;-242;159;-188;-3;51;344,814;1139;0;1625;0;3398;1843;1276,814;1139;0;1625;0;3398;1843;1276;-468;-631;33;-1124;-101;-23;495;-43;-83;-6
231,0,0,1,-1000,-566;-1828;673;574;-1282;-1065;-136;5351,9;54;42;112,317;208;-340;54;-371;-186;116;-195,15;-102;-418;-279;41;-52;392;-411,-39;-106;-294;124;10;-256;-35;83,89;550;348;190;-150;213;306;283,2079;1255;770;2512;0;3844;103;2837,2079;1255;770;2512;0;3844;103;2837;-226;-1194;113;-430;47;31;1598;15;-130;-90
232,0,0,1,-720,986;1163;-3044;-1348;1810;-2166;291;2157,33;3;63;75,-256;23;-193;149;-93;-20;-347;-179,-55;305;309;-27;23;21;-43;306,26;93;481;150;-223;77;-60;-55,-422;134;-73;-41;-33;-140;32;-202,652;0;1103;5337;0;0;0;5060,652;0;1103;5337;0;0;0;5060;-239;835;-41;522;-12;75;-780;73;-12;-17
233,1,1,1,95,1290;-2331;-671;1714;556;-2921;1699;-1997,48;39;63;5,530;132;0;344;-110;408;-75;649,86;-119;86;-35;221;371;258;-203,26;93;481;150;-223;77;-60;-55,-54;50;-649;113;172;-234;-222;-410,837;956;1318;909;0;2260;0;2961,837;956;1318;909;0;2260;0;2961;1819;135;-3;436;50;1;-1217;-169;-46;-153
234,1,0,0,-204,-315;-743;-1193;2881;-176;104;-1250;-3278,24;49;26;81,-382;-270;136;504;-61;81;184;-10,64;-92;-277;143;-214;123;-125;-337,-155;82;385;301;306;-137;-217;-8,-470;-131;148;-66;-352;20;-353;70,2784;1869;1198;103;0;3662;87;4029,2784;1869;1198;103;0;3662;87;4029;-528;-600;19;-165;84;-65;-517;78;15;32
235,0,0,1,-2953,-3490;-3976;-261;-1799;1164;-1000;2658;-3986,43;32;59;45,478;152;150;-158;283;-99;-153;-123,205;421;296;246;110;-105;49;-380,-479;-32;28;188;6;-202;112;37,290;114;-203;-278;1;-264;-26;179,0;0;0;8195;0;3604;0;11231,0;0;0;8195;0;3604;0;11231;-1481;-1284;121;600;-127;-21;-595;87;-31;-70
236,0,0,1,-1911,-1734;-338;-4222;2055;-2037;-2196;1054;1013,45;21;72;96,31;493;16;543;-450;416;-43;68,-315;-5;-270;-363;313;-71;-144;-521,45;58;-205;-143;-117;-19;-578;-45,-352;57;84;-384;243;98;-432;41,0;1202;1078;6798;0;2829;8;6714,0;1202;1078;6798;0;2829;8;6714;2898;-3157;-202;-725;8;80;-929;-116;165;119
237,0,0,1,-2330,-3715;-1168;1264;-766;-1825;3546;-2018;-2041,2;47;11;43,203;32;-68;32;293;314;-326;-187,-174;-441;-19;-166;8;90;45;353,-52;-61;49;-266;-291;-279;-7;544,118;249;-2;-66;7;165;62;255,692;0;0;3685;0;6554;0;8186,692;0;0;3685;0;6554;0;8186;384;1342;-51;785;-145;119;1468;8;-6;42
238,1,1,1,2661,4279;-978;-845;2712;-281;2273;-1881;3399,16;20;65;93,178;35;-187;115;323;175;-191;238,436;373;17;65;85;175;477;-102,-180;185;-69;-35;-139;18;-108;295,-603;-446;-292;191;582;-193;-66;79,6298;3320;4648;0;0;5345;2731;1194,6298;3320;4648;0;0;5345;2731;1194;521;3017;18;-335;16;-50;-3786;68;-218;-7
239,0,1,0,144,793;-728;-2679;-53;1900;3333;3160;-1137,48;57;39;83,530;132;0;344;-110;408;-75;649,-331;5;324;-22;-52;-208;-177;56,195;-189;-253;-330;-132;-177;-97;-215,-153;62;14;84;-249;-165;-228;-202,2565;0;1295;3128;0;0;0;7173,2565;0;1295;3128;0;0;0;7173;3462;-47;-103;-1173;-110;-45;-762;-97;63;27
240,1,1,1,1071,-1437;2990;1035;1083;415;-479;221;-576,42;58;67;85,70;111;191;-314;665;201;-69;-241,8;91;-444;44;-282;-43;-131;-254,21;334;-149;-242;-48;155;219;79,35;-150;-312;262;-56;76;-151;16,3473;3797;252;0;0;2245;6271;0,3473;3797;252;0;0;2245;6271;0;357;-321;-104;1477;25;22;-636;-84;81;-41
241,0,0,1,-1872,-4043;-3452;5124;-3410;2845;-1081;462;70,41;37;15;111,188;-135;511;330;-408;-130;87;129,-301;-89;225;-21;462;167;-196;105,63;570;264;288;65;21;303;437,-30;-98;-250;-95;-327;-100;-87;-174,0;0;0;3178;0;5286;0;5678,0;0;0;3178;0;5286;0;5678;534;690;-73;1713;107;2;-888;-17;-100;-135
242,0,1,0,243,-1589;-164;1064;233;-4507;-1380;-3792;-2637,43;3;13;100,478;152;150;-158;283;-99;-153;-123,-55;305;309;-27;23;21;-43;306,-598;-397;-459;-123;-188;-361;-203;505,25;-542;205;382;-267;-204;74;447,2059;926;614;380;0;9225;489;4836,2059;926;614;380;0;9225;489;4836;-208;977;22;-1423;-217;-37;67;-108;5;192
243,0,0,1,-1924,908;-1875;-1602;-1459;1071;323;-3185;2191,37;64;29;108,254;-38;-279;-197;171;-85;39;112,-225;-177;-210;-418;-78;-15;-253;-135,-51;207;-316;-45;205;339;-363;174,-382;8;166;152;195;202;-106;-404,0;0;0;2560;0;3329;0;5952,0;0;0;2560;0;3329;0;5952;-59;-939;26;1000;43;52;-656;-101;24;19
244,0,0,1,-2450,-2880;599;-935;-1870;-819;-3328;-578;-1096,59;44;78;9,137;-202;158;-201;408;249;40;15,354;139;25;-213;300;131;-42;-94,173;-92;341;-16;-122;347;293;40,274;-25;387;439;339;28;23;253,0;0;119;7462;0;1979;0;8006,0;0;119;7462;0;1979;0;8006;-424;-1016;107;453;72;26;2638;81;44;78
245,0,0,1,-1130,741;-1825;-36;-1875;2539;-3242;3550;506,33;17;8;7,-256;23;-193;149;-93;-20;-347;-179,213;-208;9;170;-63;318;322;-122,61;2;415;285;-162;354;342;-2,355;8;268;312;-72;205;131;7,0;236;0;3436;0;900;0;3631,0;236;0;3436;0;900;0;3631;-74;185;-62;630;-80;145;627;-68;117;171
246,1,0,0,-266,-1024;936;1709;-944;-234;-305;-591;1438,26;1;78;3,5;-145;423;71;-317;516;54;-93,-117;523;284;-83;-329;88;-718;-28,173;-92;341;-16;-122;347;293;40,-382;-319;-86;-143;-156;206;-101;-134,1090;623;0;846;0;2430;1667;448,1090;623;0;846;0;2430;1667;448;624;-424;74;716;189;-54;-227;78;5;-4
247,0,0,1,-21,3522;-1079;-3036;-694;1630;2821;-1273;-775,47;57;41;46,-55;115;-60;-225;46;-185;188;167,-331;5;324;-22;-52;-208;-177;56,47;-359;4;-406;-176;114;-15;-151,137;-90;-285;-253;-125;135;-242;-13,2575;0;2378;1309;0;568;0;6429,2575;0;2378;1309;0;568;0;6429;190;64;8;-638;-5;-13;-324;-11;-55;90
248,0,0,1,-3388,-6347;1183;-158;-1212;-1192;249;-495;-3239,38;58;59;124,-185;184;-60;177;377;495;383;-251,8;91;-444;44;-282;-43;-131;-254,-479;-32;28;188;6;-202;112;37,-20;67;136;154;-95;368;-401;329,0;0;0;9346;0;3844;426;11229,0;0;0;9346;0;3844;426;11229;440;-1300;-31;705;25;-14;3114;-27;-33;-33
249,1,1,1,760,2065;240;1633;-730;438;3586;1054;1287,49;69;51;115,-278;-149;133;-207;-266;89;-228;57,-68;331;-91;-65;68;244;-22;109,455;-409;297;233;-403;67;296;402,-247;-14;198;314;95;169;452;29,3552;1571;1971;0;0;893;1015;717,3552;1571;1971;0;0;893;1015;717;-523;182;-7;1078;-3;-89;59;-39;7;70
250,1,1,1,978,-1148;-984;2603;1293;942;-1377;1235;-920,63;41;46;20,-258;258;-70;-108;272;162;195;101,397;626;157;226;-333;37;-231;125,64;92;-277;308;12;-241;-128;47,164;-56;98;58;-403;-140;-243;-46,1398;2230;830;0;0;2332;2669;0,1398;2230;830;0;0;2332;2669;0;515;757;-46;-410;-31;64;-385;-124;116;26
251,1,1,1,874,737;-1236;3293;173;-4179;1288;-652;-1433,1;79;23;23,-193;98;-161;-396;37;21;-168;-162,61;276;320;-408;161;164;113;285,19;42;-34;36;74;692;111;495,-80;-76;-483;-15;-148;428;425;209,3142;2048;1990;0;0;7048;0;1129,3142;2048;1990;0;0;7048;0;1129;-372;1402;34;2692;-44;130;920;-5;-10;218
252,0,0,1,-1203,-629;-4690;-228;1314;-2383;5258;3961;681,19;5;54;65,209;167;-302;6;-33;46;-88;120,-15;-178;52;124;379;54;-281;-117,-211;-80;35;-242;109;-376;-690;-295,218;-12;192;5;421;-73;-236;210,2295;0;1989;1391;0;5893;0;9233,2295;0;1989;1391;0;5893;0;9233;618;-254;-23;-2779;-32;117;1171;7;101;66
253,0,0,1,-314,-869;233;-2197;2120;1764;6698;-782;-1213,58;72;11;55,0;-286;-212;-83;-5;41;-200;-135,-260;317;-354;-797;-105;31;376;-255,-52;-61;49;-266;-291;-279;-7;544,-118;-298;189;147;-34;194;-340;214,7507;0;791;0;0;1668;0;5678,7507;0;791;0;0;1668;0;5678;-423;-1771;6;1109;-26;34;392;39;-205;34
254,0,0,1,-1087,43;-1417;-1755;2073;1163;-3404;-3152;-1851,26;7;88;5,5;-145;423;71;-317;516;54;-93,264;-330;-383;-550;125;17;-31;-431,-246;-437;-204;108;128;33;134;206,-54;50;-649;113;172;-234;-222;-410,943;786;599;1733;0;4323;390;4759,943;786;599;1733;0;4323;390;4759;1014;-1554;-70;325;-25;11;-1589;-207;174;18
255,1,1,1,1527,2656;-1565;-354;2358;-784;-4495;4279;-740,11;48;31;100,41;-54;-320;-21;-103;-166;-6;228,-175;475;143;58;-204;688;57;232,-232;-123;-168;449;-331;447;241;141,25;-542;205;382;-267;-204;74;447,2499;3498;2080;402;0;4464;3897;472,2499;3498;2080;402;0;4464;3897;472;-692;2416;-59;890;16;198;-813;58;-92;135
